num,direction,status,pnl_rr,entry_price,sl_price,tp_price,sl_ticks,entry_dt,exit_dt,duration,session,tq,fvg_dir,fvg_extreme,fvg_detail,fvg_ticks,ob_method,ob_reuses,liq_in,liq_inv,prev_ses,prev_high,prev_low,comp_obs
1,LONG,BE,0.0,1.45444,1.45244,1.45844,200,2020-01-15 18:10:00,2020-01-16 16:40:00,270,New York,60.4,bullish,True,Top 1.456 vs préc. 1.455,122,1,16,False,True,London,1.4565299999999999,1.4528400000000001,"['OB Baissier 1.458–1.460', 'OB Baissier 1.456–1.458', 'OB Baissier 1.455–1.456', 'OB Baissier 1.456–1.459', 'OB Baissier 1.457–1.460', 'OB Baissier 1.455–1.457', 'OB Baissier 1.455–1.456', 'OB Baissier 1.455–1.457', 'OB Baissier 1.457–1.458', 'OB Baissier 1.458–1.459', 'OB Baissier 1.456–1.458', 'OB Baissier 1.458–1.460', 'OB Baissier 1.455–1.459', 'OB Baissier 1.457–1.458', 'OB Baissier 1.455–1.457', 'OB Baissier 1.455–1.456']"
2,LONG,BE,0.0,1.46198,1.45998,1.46598,200,2020-02-05 14:25:00,2020-02-05 16:40:00,27,New York,60.7,bullish,True,Top 1.470 vs préc. 1.465,606,1,7,True,False,London,1.46856,1.46228,"['OB Baissier 1.466–1.467', 'OB Baissier 1.462–1.464', 'OB Baissier 1.466–1.468', 'OB Baissier 1.464–1.465', 'OB Baissier 1.463–1.465', 'OB Baissier 1.465–1.466', 'OB Baissier 1.465–1.466', 'OB Baissier 1.466–1.468', 'OB Baissier 1.465–1.467', 'OB Baissier 1.464–1.465', 'OB Baissier 1.464–1.466', 'OB Baissier 1.465–1.466', 'OB Baissier 1.465–1.467', 'OB Baissier 1.465–1.466', 'OB Baissier 1.464–1.466', 'OB Baissier 1.462–1.463', 'OB Baissier 1.465–1.466', 'OB Baissier 1.465–1.466', 'OB Baissier 1.465–1.466', 'OB Baissier 1.464–1.465']"
3,LONG,LOSS,-1.0,1.4435799999999999,1.4415799999999999,1.4475799999999999,200,2020-02-26 17:25:00,2020-02-26 17:40:00,3,New York,71.7,bullish,True,Top 1.447 vs préc. 1.444,268,1,6,True,False,London,1.4498,1.4435799999999999,"['OB Baissier 1.446–1.447', 'OB Baissier 1.446–1.447', 'OB Baissier 1.447–1.450', 'OB Baissier 1.446–1.447', 'OB Baissier 1.446–1.447', 'OB Baissier 1.445–1.445', 'OB Baissier 1.445–1.446', 'OB Baissier 1.447–1.449', 'OB Baissier 1.446–1.448', 'OB Baissier 1.444–1.445', 'OB Baissier 1.447–1.448', 'OB Baissier 1.445–1.447', 'OB Baissier 1.445–1.446', 'OB Baissier 1.445–1.448', 'OB Baissier 1.446–1.448', 'OB Baissier 1.446–1.447', 'OB Baissier 1.445–1.446', 'OB Baissier 1.447–1.449', 'OB Baissier 1.446–1.447']"
4,LONG,LOSS,-1.0,1.47681,1.47481,1.48081,200,2020-02-28 16:10:00,2020-02-28 16:20:00,2,New York,87.0,bullish,True,Top 1.484 vs préc. 1.476,523,1,11,True,False,London,1.4868000000000001,1.47681,"['OB Baissier 1.480–1.483', 'OB Baissier 1.477–1.478', 'OB Baissier 1.479–1.480', 'OB Baissier 1.481–1.482', 'OB Baissier 1.477–1.478', 'OB Baissier 1.481–1.482', 'OB Baissier 1.480–1.482', 'OB Baissier 1.477–1.478', 'OB Baissier 1.478–1.479', 'OB Baissier 1.479–1.480', 'OB Baissier 1.478–1.478', 'OB Baissier 1.477–1.478', 'OB Baissier 1.479–1.480', 'OB Baissier 1.478–1.478', 'OB Baissier 1.478–1.479', 'OB Baissier 1.480–1.482', 'OB Baissier 1.477–1.478', 'OB Baissier 1.479–1.480']"
5,LONG,BE,0.0,1.4830999999999999,1.4810999999999999,1.4870999999999999,200,2020-03-03 00:00:00,2020-03-03 04:15:00,51,Tokyo,90.0,bullish,True,Top 1.488 vs préc. 1.485,253,1,14,False,False,New York,1.4923600000000001,1.47993,"['OB Baissier 1.484–1.486', 'OB Baissier 1.484–1.485', 'OB Baissier 1.483–1.484', 'OB Baissier 1.483–1.487', 'OB Baissier 1.485–1.486', 'OB Baissier 1.486–1.488', 'OB Baissier 1.485–1.486', 'OB Baissier 1.485–1.487', 'OB Baissier 1.486–1.488', 'OB Baissier 1.486–1.488', 'OB Baissier 1.487–1.487', 'OB Baissier 1.487–1.488', 'OB Baissier 1.486–1.488', 'OB Baissier 1.485–1.486', 'OB Baissier 1.483–1.485', 'OB Baissier 1.484–1.485', 'OB Baissier 1.486–1.488', 'OB Baissier 1.483–1.484']"
6,LONG,WIN,2.0,1.48121,1.47921,1.48521,200,2020-03-04 17:30:00,2020-03-04 18:00:00,6,New York,86.6,bullish,True,Top 1.490 vs préc. 1.488,170,3,5,True,False,London,1.4935800000000001,1.48704,"['OB Baissier 1.483–1.485', 'OB Baissier 1.484–1.486', 'OB Baissier 1.484–1.485', 'OB Baissier 1.483–1.484', 'OB Baissier 1.482–1.483', 'OB Baissier 1.482–1.482', 'OB Baissier 1.481–1.483', 'OB Baissier 1.483–1.487', 'OB Baissier 1.483–1.483', 'OB Baissier 1.485–1.486', 'OB Baissier 1.482–1.483', 'OB Baissier 1.483–1.484', 'OB Baissier 1.482–1.483', 'OB Baissier 1.483–1.483', 'OB Baissier 1.482–1.482', 'OB Baissier 1.482–1.482', 'OB Baissier 1.482–1.484', 'OB Baissier 1.482–1.483', 'OB Baissier 1.482–1.484', 'OB Baissier 1.482–1.484', 'OB Baissier 1.481–1.484', 'OB Baissier 1.482–1.482', 'OB Baissier 1.483–1.485', 'OB Baissier 1.484–1.485', 'OB Baissier 1.483–1.484', 'OB Baissier 1.483–1.484']"
7,LONG,BE,0.0,1.55169,1.54969,1.55569,200,2020-03-09 11:35:00,2020-03-09 11:55:00,4,London,88.6,bullish,True,Top 1.560 vs préc. 1.559,559,1,52,False,False,Tokyo,1.58171,1.51492,"['OB Baissier 1.554–1.560', 'OB Baissier 1.556–1.560', 'OB Baissier 1.556–1.559', 'OB Baissier 1.554–1.556', 'OB Baissier 1.554–1.556', 'OB Baissier 1.556–1.557', 'OB Baissier 1.552–1.553', 'OB Baissier 1.555–1.557', 'OB Baissier 1.554–1.555', 'OB Baissier 1.554–1.560', 'OB Baissier 1.554–1.556', 'OB Baissier 1.554–1.555', 'OB Baissier 1.554–1.556', 'OB Baissier 1.554–1.555', 'OB Baissier 1.553–1.554', 'OB Baissier 1.553–1.553', 'OB Baissier 1.553–1.555', 'OB Baissier 1.552–1.554', 'OB Baissier 1.552–1.554', 'OB Baissier 1.552–1.555', 'OB Baissier 1.552–1.556', 'OB Baissier 1.554–1.556']"
8,LONG,LOSS,-1.0,1.5436299999999998,1.5416299999999998,1.5476299999999998,200,2020-03-12 17:05:00,2020-03-12 17:10:00,1,New York,71.1,bullish,False,Top 1.554 vs préc. 1.560,643,1,12,True,True,London,1.5589300000000001,1.54684,"['OB Baissier 1.547–1.550', 'OB Baissier 1.545–1.548', 'OB Baissier 1.546–1.553', 'OB Baissier 1.546–1.548', 'OB Baissier 1.545–1.547', 'OB Baissier 1.546–1.548', 'OB Baissier 1.545–1.546', 'OB Baissier 1.546–1.548', 'OB Baissier 1.546–1.548', 'OB Baissier 1.546–1.547', 'OB Baissier 1.545–1.546', 'OB Baissier 1.544–1.548', 'OB Baissier 1.545–1.546']"
9,LONG,LOSS,-1.0,1.55057,1.54857,1.55457,200,2020-03-10 08:00:00,2020-03-10 08:05:00,1,Tokyo,81.5,bullish,True,Top 1.556 vs préc. 1.554,162,1,48,False,False,New York,1.56942,1.54243,"['OB Baissier 1.554–1.560', 'OB Baissier 1.554–1.556', 'OB Baissier 1.554–1.556', 'OB Baissier 1.551–1.553', 'OB Baissier 1.552–1.553', 'OB Baissier 1.554–1.555', 'OB Baissier 1.554–1.560', 'OB Baissier 1.554–1.556', 'OB Baissier 1.554–1.555', 'OB Baissier 1.554–1.556', 'OB Baissier 1.554–1.555', 'OB Baissier 1.553–1.554', 'OB Baissier 1.551–1.553', 'OB Baissier 1.553–1.553', 'OB Baissier 1.553–1.555', 'OB Baissier 1.551–1.552', 'OB Baissier 1.552–1.554', 'OB Baissier 1.552–1.554', 'OB Baissier 1.552–1.555', 'OB Baissier 1.552–1.553', 'OB Baissier 1.552–1.556', 'OB Baissier 1.554–1.556']"
10,LONG,WIN,2.0,1.54582,1.54382,1.54982,200,2020-03-11 18:45:00,2020-03-11 18:55:00,2,New York,71.8,bullish,False,Top 1.554 vs préc. 1.556,319,1,31,True,False,London,1.56052,1.54677,"['OB Baissier 1.548–1.552', 'OB Baissier 1.547–1.550', 'OB Baissier 1.549–1.553', 'OB Baissier 1.546–1.553', 'OB Baissier 1.549–1.553', 'OB Baissier 1.548–1.549', 'OB Baissier 1.546–1.548', 'OB Baissier 1.549–1.550', 'OB Baissier 1.548–1.549', 'OB Baissier 1.549–1.550', 'OB Baissier 1.548–1.549', 'OB Baissier 1.549–1.551', 'OB Baissier 1.546–1.548', 'OB Baissier 1.548–1.549', 'OB Baissier 1.546–1.548', 'OB Baissier 1.550–1.558']"
11,LONG,LOSS,-1.0,1.55374,1.55174,1.55774,200,2020-03-10 21:35:00,2020-03-10 21:45:00,2,New York,81.5,bullish,True,Top 1.560 vs préc. 1.554,266,1,33,False,True,London,1.5571700000000002,1.54582,"['OB Baissier 1.557–1.562', 'OB Baissier 1.557–1.558', 'OB Baissier 1.557–1.558', 'OB Baissier 1.554–1.560', 'OB Baissier 1.556–1.560', 'OB Baissier 1.556–1.559', 'OB Baissier 1.556–1.559', 'OB Baissier 1.554–1.556', 'OB Baissier 1.554–1.556', 'OB Baissier 1.556–1.560', 'OB Baissier 1.556–1.557', 'OB Baissier 1.555–1.557', 'OB Baissier 1.554–1.555', 'OB Baissier 1.556–1.557', 'OB Baissier 1.554–1.560', 'OB Baissier 1.554–1.556', 'OB Baissier 1.554–1.555', 'OB Baissier 1.557–1.558', 'OB Baissier 1.554–1.556', 'OB Baissier 1.554–1.555', 'OB Baissier 1.557–1.558', 'OB Baissier 1.556–1.557']"
12,LONG,BE,0.0,1.55045,1.54845,1.55445,200,2020-03-11 11:05:00,2020-03-11 11:35:00,6,London,71.8,bullish,False,Top 1.555 vs préc. 1.560,241,1,29,False,True,Tokyo,1.55618,1.54688,"['OB Baissier 1.554–1.560', 'OB Baissier 1.554–1.556', 'OB Baissier 1.554–1.556', 'OB Baissier 1.551–1.553', 'OB Baissier 1.552–1.553', 'OB Baissier 1.554–1.560', 'OB Baissier 1.554–1.556', 'OB Baissier 1.554–1.555', 'OB Baissier 1.554–1.556', 'OB Baissier 1.554–1.555', 'OB Baissier 1.553–1.554', 'OB Baissier 1.551–1.553', 'OB Baissier 1.553–1.553', 'OB Baissier 1.553–1.555', 'OB Baissier 1.551–1.552', 'OB Baissier 1.552–1.554', 'OB Baissier 1.551–1.552', 'OB Baissier 1.552–1.554', 'OB Baissier 1.552–1.555', 'OB Baissier 1.552–1.553', 'OB Baissier 1.552–1.556', 'OB Baissier 1.554–1.556']"
13,LONG,LOSS,-1.0,1.54925,1.54725,1.55325,200,2020-03-11 18:30:00,2020-03-11 18:35:00,1,New York,71.8,bullish,False,Top 1.554 vs préc. 1.555,251,1,24,False,False,London,1.56052,1.54677,"['OB Baissier 1.550–1.557', 'OB Baissier 1.550–1.553', 'OB Baissier 1.549–1.553', 'OB Baissier 1.551–1.553', 'OB Baissier 1.552–1.553', 'OB Baissier 1.553–1.554', 'OB Baissier 1.551–1.553', 'OB Baissier 1.553–1.553', 'OB Baissier 1.551–1.552', 'OB Baissier 1.552–1.554', 'OB Baissier 1.551–1.552', 'OB Baissier 1.552–1.554', 'OB Baissier 1.552–1.555', 'OB Baissier 1.552–1.553', 'OB Baissier 1.552–1.556', 'OB Baissier 1.550–1.558']"
14,LONG,LOSS,-1.0,1.54925,1.54725,1.55325,200,2020-03-11 18:30:00,2020-03-11 18:35:00,1,New York,71.8,bullish,True,Top 1.558 vs préc. 1.554,155,1,24,False,False,London,1.56052,1.54677,"['OB Baissier 1.550–1.557', 'OB Baissier 1.550–1.553', 'OB Baissier 1.549–1.553', 'OB Baissier 1.551–1.553', 'OB Baissier 1.552–1.553', 'OB Baissier 1.553–1.554', 'OB Baissier 1.551–1.553', 'OB Baissier 1.553–1.553', 'OB Baissier 1.551–1.552', 'OB Baissier 1.552–1.554', 'OB Baissier 1.551–1.552', 'OB Baissier 1.552–1.554', 'OB Baissier 1.552–1.555', 'OB Baissier 1.552–1.553', 'OB Baissier 1.552–1.556', 'OB Baissier 1.550–1.558']"
15,LONG,LOSS,-1.0,1.55264,1.55064,1.55664,200,2020-03-12 11:20:00,2020-03-12 11:25:00,1,London,71.1,bullish,True,Top 1.561 vs préc. 1.558,688,1,25,False,False,Tokyo,1.56576,1.5486499999999999,"['OB Baissier 1.554–1.560', 'OB Baissier 1.556–1.560', 'OB Baissier 1.556–1.559', 'OB Baissier 1.556–1.559', 'OB Baissier 1.554–1.556', 'OB Baissier 1.554–1.556', 'OB Baissier 1.556–1.560', 'OB Baissier 1.556–1.557', 'OB Baissier 1.555–1.557', 'OB Baissier 1.554–1.555', 'OB Baissier 1.556–1.557', 'OB Baissier 1.554–1.560', 'OB Baissier 1.554–1.556', 'OB Baissier 1.554–1.555', 'OB Baissier 1.554–1.556', 'OB Baissier 1.554–1.555', 'OB Baissier 1.553–1.554', 'OB Baissier 1.553–1.555', 'OB Baissier 1.557–1.558', 'OB Baissier 1.556–1.557', 'OB Baissier 1.554–1.556']"
16,LONG,LOSS,-1.0,1.5417,1.5397,1.5457,200,2020-03-13 12:45:00,2020-03-13 12:55:00,2,London,65.8,bullish,True,Top 1.553 vs préc. 1.542,391,2,17,True,False,Tokyo,1.56324,1.55219,"['OB Baissier 1.545–1.548', 'OB Baissier 1.542–1.545', 'OB Baissier 1.543–1.545', 'OB Baissier 1.545–1.547', 'OB Baissier 1.545–1.546', 'OB Baissier 1.546–1.548', 'OB Baissier 1.542–1.543', 'OB Baissier 1.545–1.546', 'OB Baissier 1.544–1.548', 'OB Baissier 1.542–1.544', 'OB Baissier 1.545–1.546']"
17,LONG,WIN,2.0,1.54603,1.54403,1.55003,200,2020-03-17 17:25:00,2020-03-17 17:40:00,3,New York,68.9,bullish,True,Top 1.556 vs préc. 1.540,266,1,6,True,False,London,1.56507,1.55244,"['OB Baissier 1.548–1.552', 'OB Baissier 1.547–1.550', 'OB Baissier 1.550–1.553', 'OB Baissier 1.549–1.553', 'OB Baissier 1.546–1.553', 'OB Baissier 1.549–1.553', 'OB Baissier 1.548–1.549', 'OB Baissier 1.546–1.548', 'OB Baissier 1.549–1.550', 'OB Baissier 1.548–1.549', 'OB Baissier 1.549–1.550', 'OB Baissier 1.548–1.549', 'OB Baissier 1.549–1.551', 'OB Baissier 1.548–1.549', 'OB Baissier 1.546–1.548', 'OB Baissier 1.550–1.558']"
18,LONG,LOSS,-1.0,1.56307,1.56107,1.56707,200,2020-03-19 16:05:00,2020-03-19 16:15:00,2,New York,73.4,bullish,True,Top 1.572 vs préc. 1.565,422,1,7,True,False,London,1.59659,1.56629,"['OB Baissier 1.565–1.569', 'OB Baissier 1.564–1.567', 'OB Baissier 1.563–1.564', 'OB Baissier 1.564–1.565', 'OB Baissier 1.564–1.567', 'OB Baissier 1.564–1.566', 'OB Baissier 1.564–1.565', 'OB Baissier 1.565–1.567', 'OB Baissier 1.567–1.569', 'OB Baissier 1.564–1.565', 'OB Baissier 1.563–1.565', 'OB Baissier 1.566–1.569', 'OB Baissier 1.566–1.569', 'OB Baissier 1.564–1.565', 'OB Baissier 1.564–1.566', 'OB Baissier 1.564–1.565', 'OB Baissier 1.565–1.569', 'OB Baissier 1.563–1.564', 'OB Baissier 1.565–1.566', 'OB Baissier 1.567–1.570', 'OB Baissier 1.564–1.565', 'OB Baissier 1.563–1.565', 'OB Baissier 1.565–1.566']"
19,LONG,LOSS,-1.0,1.57958,1.57758,1.58358,200,2020-03-19 11:00:00,2020-03-19 11:05:00,1,London,73.4,bullish,True,Top 1.592 vs préc. 1.572,533,1,2,True,False,Tokyo,1.5991900000000001,1.57636,"['OB Baissier 1.582–1.597', 'OB Baissier 1.582–1.585', 'OB Baissier 1.583–1.585', 'OB Baissier 1.582–1.583', 'OB Baissier 1.582–1.584', 'OB Baissier 1.582–1.582', 'OB Baissier 1.581–1.583', 'OB Baissier 1.583–1.585']"
20,LONG,WIN,2.0,1.54351,1.54151,1.54751,200,2020-03-23 11:00:00,2020-03-23 11:25:00,5,London,59.1,bullish,False,Top 1.548 vs préc. 1.592,185,1,10,False,True,Tokyo,1.5521,1.53483,"['OB Baissier 1.547–1.550', 'OB Baissier 1.545–1.548', 'OB Baissier 1.546–1.553', 'OB Baissier 1.546–1.548', 'OB Baissier 1.545–1.547', 'OB Baissier 1.546–1.548', 'OB Baissier 1.545–1.546', 'OB Baissier 1.546–1.548', 'OB Baissier 1.546–1.548', 'OB Baissier 1.546–1.547', 'OB Baissier 1.545–1.546', 'OB Baissier 1.544–1.548', 'OB Baissier 1.545–1.546']"
21,LONG,WIN,2.0,1.54165,1.53965,1.54565,200,2020-03-25 21:45:00,2020-03-25 22:05:00,4,New York,58.2,bullish,True,Top 1.564 vs préc. 1.548,1078,3,16,True,True,London,1.5577800000000002,1.54851,"['OB Baissier 1.545–1.548', 'OB Baissier 1.542–1.545', 'OB Baissier 1.543–1.545', 'OB Baissier 1.545–1.547', 'OB Baissier 1.545–1.546', 'OB Baissier 1.546–1.548', 'OB Baissier 1.542–1.543', 'OB Baissier 1.545–1.546', 'OB Baissier 1.544–1.548', 'OB Baissier 1.542–1.544', 'OB Baissier 1.545–1.546']"
22,LONG,LOSS,-1.0,1.5585,1.5565,1.5625,200,2020-03-24 17:25:00,2020-03-24 17:30:00,1,New York,65.9,bullish,True,Top 1.568 vs préc. 1.558,450,1,14,False,True,London,1.56768,1.5545200000000001,"['OB Baissier 1.562–1.564', 'OB Baissier 1.559–1.562', 'OB Baissier 1.560–1.568', 'OB Baissier 1.562–1.566', 'OB Baissier 1.561–1.566', 'OB Baissier 1.559–1.560', 'OB Baissier 1.561–1.562', 'OB Baissier 1.559–1.560', 'OB Baissier 1.561–1.563', 'OB Baissier 1.562–1.564', 'OB Baissier 1.560–1.561', 'OB Baissier 1.562–1.565', 'OB Baissier 1.559–1.561', 'OB Baissier 1.559–1.560', 'OB Baissier 1.560–1.562', 'OB Baissier 1.561–1.567', 'OB Baissier 1.561–1.562', 'OB Baissier 1.561–1.563', 'OB Baissier 1.562–1.564']"
23,LONG,WIN,2.0,1.5441,1.5421,1.5481,200,2020-04-01 18:55:00,2020-04-01 19:05:00,2,New York,55.3,bullish,True,Top 1.556 vs préc. 1.551,222,3,13,True,True,London,1.5608,1.55348,"['OB Baissier 1.547–1.550', 'OB Baissier 1.545–1.548', 'OB Baissier 1.546–1.553', 'OB Baissier 1.546–1.548', 'OB Baissier 1.545–1.547', 'OB Baissier 1.548–1.549', 'OB Baissier 1.546–1.548', 'OB Baissier 1.545–1.546', 'OB Baissier 1.546–1.548', 'OB Baissier 1.546–1.548', 'OB Baissier 1.546–1.547', 'OB Baissier 1.545–1.546', 'OB Baissier 1.544–1.548', 'OB Baissier 1.545–1.546']"
24,LONG,LOSS,-1.0,1.55422,1.55222,1.55822,200,2020-03-31 20:30:00,2020-03-31 20:40:00,2,New York,68.2,bullish,False,Top 1.558 vs préc. 1.562,110,1,27,True,True,London,1.56413,1.55781,"['OB Baissier 1.557–1.562', 'OB Baissier 1.557–1.558', 'OB Baissier 1.557–1.558', 'OB Baissier 1.556–1.560', 'OB Baissier 1.556–1.559', 'OB Baissier 1.556–1.559', 'OB Baissier 1.554–1.556', 'OB Baissier 1.556–1.560', 'OB Baissier 1.556–1.557', 'OB Baissier 1.555–1.557', 'OB Baissier 1.554–1.555', 'OB Baissier 1.556–1.557', 'OB Baissier 1.557–1.558', 'OB Baissier 1.557–1.558', 'OB Baissier 1.556–1.557', 'OB Baissier 1.558–1.562']"
25,LONG,WIN,2.0,1.55687,1.55487,1.56087,200,2020-03-31 20:00:00,2020-03-31 20:20:00,4,New York,68.2,bullish,True,Top 1.565 vs préc. 1.558,199,3,12,True,True,London,1.56413,1.55781,"['OB Baissier 1.557–1.562', 'OB Baissier 1.559–1.562', 'OB Baissier 1.560–1.568', 'OB Baissier 1.558–1.561', 'OB Baissier 1.559–1.560', 'OB Baissier 1.557–1.558', 'OB Baissier 1.559–1.560', 'OB Baissier 1.558–1.560', 'OB Baissier 1.558–1.561', 'OB Baissier 1.560–1.561', 'OB Baissier 1.559–1.561', 'OB Baissier 1.559–1.560', 'OB Baissier 1.558–1.562', 'OB Baissier 1.560–1.562']"
26,LONG,WIN,2.0,1.55348,1.55148,1.55748,200,2020-04-01 14:10:00,2020-04-01 14:50:00,8,New York,55.3,bullish,False,Top 1.558 vs préc. 1.565,338,1,14,True,False,London,1.5608,1.55348,"['OB Baissier 1.557–1.562', 'OB Baissier 1.557–1.558', 'OB Baissier 1.557–1.558', 'OB Baissier 1.554–1.560', 'OB Baissier 1.556–1.560', 'OB Baissier 1.556–1.559', 'OB Baissier 1.556–1.559', 'OB Baissier 1.554–1.556', 'OB Baissier 1.554–1.556', 'OB Baissier 1.556–1.560', 'OB Baissier 1.556–1.557', 'OB Baissier 1.555–1.557', 'OB Baissier 1.554–1.555', 'OB Baissier 1.556–1.557', 'OB Baissier 1.554–1.560', 'OB Baissier 1.554–1.556', 'OB Baissier 1.554–1.555', 'OB Baissier 1.557–1.558', 'OB Baissier 1.554–1.556', 'OB Baissier 1.554–1.555', 'OB Baissier 1.557–1.558', 'OB Baissier 1.556–1.557', 'OB Baissier 1.554–1.556']"
27,LONG,LOSS,-1.0,1.55191,1.54991,1.55591,200,2020-04-01 18:20:00,2020-04-01 18:25:00,1,New York,55.3,bullish,False,Top 1.557 vs préc. 1.558,126,1,10,True,True,London,1.5608,1.55348,"['OB Baissier 1.554–1.560', 'OB Baissier 1.556–1.560', 'OB Baissier 1.556–1.559', 'OB Baissier 1.554–1.556', 'OB Baissier 1.554–1.556', 'OB Baissier 1.556–1.557', 'OB Baissier 1.552–1.553', 'OB Baissier 1.555–1.557', 'OB Baissier 1.554–1.555', 'OB Baissier 1.554–1.560', 'OB Baissier 1.554–1.556', 'OB Baissier 1.554–1.555', 'OB Baissier 1.554–1.556', 'OB Baissier 1.554–1.555', 'OB Baissier 1.553–1.554', 'OB Baissier 1.553–1.553', 'OB Baissier 1.553–1.555', 'OB Baissier 1.552–1.554', 'OB Baissier 1.552–1.554', 'OB Baissier 1.552–1.556', 'OB Baissier 1.554–1.556']"
28,SHORT,WIN,2.0,1.5370300000000001,1.5390300000000001,1.5330300000000001,200,2020-04-03 15:20:00,2020-04-03 16:00:00,8,New York,40.5,bearish,True,Bot 1.530 vs préc. 1.539,530,1,5,False,False,London,1.53729,1.5260099999999999,"['OB Haussier 1.532–1.537', 'OB Haussier 1.529–1.535', 'OB Haussier 1.534–1.535', 'OB Haussier 1.533–1.534', 'OB Haussier 1.534–1.535', 'OB Haussier 1.535–1.537', 'OB Haussier 1.531–1.533', 'OB Haussier 1.533–1.535', 'OB Haussier 1.534–1.535', 'OB Haussier 1.532–1.534', 'OB Haussier 1.533–1.533', 'OB Haussier 1.533–1.534']"
29,SHORT,WIN,2.0,1.52948,1.53148,1.52548,200,2020-04-06 20:15:00,2020-04-06 21:00:00,9,New York,40.5,bearish,True,Bot 1.526 vs préc. 1.529,103,1,11,False,True,London,1.53477,1.52366,"['OB Haussier 1.525–1.529', 'OB Haussier 1.526–1.527', 'OB Haussier 1.526–1.528', 'OB Haussier 1.526–1.528', 'OB Haussier 1.526–1.527', 'OB Haussier 1.527–1.529', 'OB Haussier 1.527–1.529', 'OB Haussier 1.529–1.529', 'OB Haussier 1.527–1.529', 'OB Haussier 1.527–1.528']"
30,SHORT,LOSS,-1.0,1.52116,1.52316,1.51716,200,2020-04-14 14:25:00,2020-04-14 14:45:00,4,New York,37.8,bearish,True,Bot 1.516 vs préc. 1.529,222,1,5,True,False,London,1.5194299999999998,1.51525,"['OB Haussier 1.516–1.517', 'OB Haussier 1.517–1.518', 'OB Haussier 1.514–1.518', 'OB Haussier 1.518–1.521', 'OB Haussier 1.515–1.518', 'OB Haussier 1.518–1.520', 'OB Haussier 1.519–1.521', 'OB Haussier 1.516–1.517']"
31,LONG,WIN,2.0,1.52645,1.52445,1.53045,200,2020-04-20 19:05:00,2020-04-20 21:55:00,34,New York,58.8,bullish,True,Top 1.529 vs préc. 1.527,116,1,3,True,True,London,1.52983,1.52645,"['OB Baissier 1.527–1.529', 'OB Baissier 1.527–1.528', 'OB Baissier 1.530–1.531', 'OB Baissier 1.527–1.528', 'OB Baissier 1.530–1.533', 'OB Baissier 1.529–1.530', 'OB Baissier 1.528–1.529', 'OB Baissier 1.527–1.529', 'OB Baissier 1.527–1.529', 'OB Baissier 1.530–1.530']"
32,LONG,BE,0.0,1.5335,1.5315,1.5375,200,2020-04-22 18:40:00,2020-04-22 19:00:00,4,New York,65.3,bullish,True,Top 1.537 vs préc. 1.533,261,1,11,True,False,London,1.5443099999999998,1.53512,"['OB Baissier 1.535–1.537', 'OB Baissier 1.534–1.535', 'OB Baissier 1.536–1.537', 'OB Baissier 1.534–1.535', 'OB Baissier 1.534–1.536', 'OB Baissier 1.534–1.535', 'OB Baissier 1.535–1.537', 'OB Baissier 1.537–1.539']"
33,SHORT,LOSS,-1.0,1.52149,1.52349,1.51749,200,2020-04-24 19:10:00,2020-04-24 19:15:00,1,New York,43.6,bearish,True,Bot 1.518 vs préc. 1.525,116,1,24,True,False,London,1.51831,1.5114,"['OB Haussier 1.517–1.518', 'OB Haussier 1.514–1.518', 'OB Haussier 1.518–1.521', 'OB Haussier 1.515–1.518', 'OB Haussier 1.519–1.521', 'OB Haussier 1.518–1.520', 'OB Haussier 1.519–1.521']"
34,SHORT,BE,0.0,1.51708,1.51908,1.51308,200,2020-04-24 13:30:00,2020-04-24 15:35:00,25,London,43.6,bearish,True,Bot 1.514 vs préc. 1.518,164,1,18,True,True,Tokyo,1.51811,1.51458,"['OB Haussier 1.514–1.516', 'OB Haussier 1.511–1.514', 'OB Haussier 1.515–1.517', 'OB Haussier 1.512–1.515', 'OB Haussier 1.512–1.515', 'OB Haussier 1.513–1.513', 'OB Haussier 1.514–1.515', 'OB Haussier 1.514–1.515']"
35,SHORT,LOSS,-1.0,1.5106199999999999,1.5126199999999999,1.5066199999999998,200,2020-04-30 19:10:00,2020-04-30 19:20:00,2,New York,32.8,bearish,True,Bot 1.507 vs préc. 1.524,168,2,3,True,False,London,1.51063,1.50521,"['OB Haussier 1.506–1.507', 'OB Haussier 1.507–1.508', 'OB Haussier 1.509–1.510', 'OB Haussier 1.508–1.510', 'OB Haussier 1.507–1.509', 'OB Haussier 1.508–1.509', 'OB Haussier 1.509–1.510', 'OB Haussier 1.508–1.509', 'OB Haussier 1.506–1.507', 'OB Haussier 1.508–1.509', 'OB Haussier 1.506–1.507']"
36,SHORT,LOSS,-1.0,1.52299,1.52499,1.51899,200,2020-05-06 16:55:00,2020-05-06 17:35:00,8,New York,36.6,bearish,True,Bot 1.520 vs préc. 1.526,107,1,5,True,True,London,1.52301,1.51682,"['OB Haussier 1.520–1.523', 'OB Haussier 1.521–1.522', 'OB Haussier 1.521–1.522', 'OB Haussier 1.518–1.521', 'OB Haussier 1.519–1.521', 'OB Haussier 1.518–1.520', 'OB Haussier 1.519–1.521', 'OB Haussier 1.522–1.522']"
37,SHORT,LOSS,-1.0,1.51703,1.51903,1.51303,200,2020-05-27 18:55:00,2020-05-27 19:30:00,7,New York,36.8,bearish,True,Bot 1.514 vs préc. 1.519,185,1,18,True,True,London,1.51099,1.5075699999999999,"['OB Haussier 1.514–1.516', 'OB Haussier 1.511–1.514', 'OB Haussier 1.515–1.517', 'OB Haussier 1.512–1.515', 'OB Haussier 1.512–1.515', 'OB Haussier 1.513–1.513', 'OB Haussier 1.514–1.515', 'OB Haussier 1.514–1.515']"
38,SHORT,BE,0.0,1.51122,1.51322,1.50722,200,2020-06-02 17:15:00,2020-06-02 17:45:00,6,New York,41.3,bearish,True,Bot 1.509 vs préc. 1.513,151,1,20,True,False,London,1.50903,1.5055,"['OB Haussier 1.507–1.508', 'OB Haussier 1.509–1.510', 'OB Haussier 1.508–1.510', 'OB Haussier 1.507–1.509', 'OB Haussier 1.508–1.509', 'OB Haussier 1.509–1.510', 'OB Haussier 1.508–1.509', 'OB Haussier 1.506–1.507', 'OB Haussier 1.508–1.509', 'OB Haussier 1.510–1.511', 'OB Haussier 1.506–1.507']"
39,LONG,BE,0.0,1.51753,1.51553,1.52153,200,2020-06-05 17:30:00,2020-06-05 18:15:00,9,New York,58.4,bullish,True,Top 1.530 vs préc. 1.518,816,1,9,True,False,London,1.5345499999999999,1.52738,"['OB Baissier 1.519–1.521', 'OB Baissier 1.519–1.521', 'OB Baissier 1.518–1.520', 'OB Baissier 1.518–1.519']"
40,LONG,WIN,2.0,1.51827,1.51627,1.52227,200,2020-06-10 23:00:00,2020-06-10 23:30:00,6,New York,57.6,bullish,False,Top 1.522 vs préc. 1.523,213,1,5,True,True,London,1.52302,1.51827,"['OB Baissier 1.519–1.521', 'OB Baissier 1.519–1.521', 'OB Baissier 1.518–1.520']"
41,LONG,LOSS,-1.0,1.53011,1.52811,1.53411,200,2020-06-12 19:45:00,2020-06-12 21:15:00,18,New York,65.9,bullish,True,Top 1.540 vs préc. 1.530,516,1,16,True,False,London,1.5404,1.53464,"['OB Baissier 1.533–1.538', 'OB Baissier 1.531–1.534', 'OB Baissier 1.530–1.531', 'OB Baissier 1.531–1.533', 'OB Baissier 1.533–1.534', 'OB Baissier 1.533–1.534', 'OB Baissier 1.531–1.532', 'OB Baissier 1.533–1.534', 'OB Baissier 1.533–1.534', 'OB Baissier 1.533–1.535', 'OB Baissier 1.530–1.531', 'OB Baissier 1.533–1.534', 'OB Baissier 1.533–1.535', 'OB Baissier 1.534–1.535', 'OB Baissier 1.534–1.536', 'OB Baissier 1.531–1.532']"
42,LONG,LOSS,-1.0,1.53308,1.53108,1.53708,200,2020-06-16 16:25:00,2020-06-16 17:20:00,11,New York,65.5,bullish,True,Top 1.537 vs préc. 1.532,305,1,3,True,False,London,1.53932,1.53308,"['OB Baissier 1.535–1.537', 'OB Baissier 1.533–1.534', 'OB Baissier 1.534–1.535', 'OB Baissier 1.536–1.537', 'OB Baissier 1.534–1.535', 'OB Baissier 1.534–1.536', 'OB Baissier 1.534–1.535', 'OB Baissier 1.535–1.537']"
43,LONG,BE,0.0,1.52936,1.52736,1.53336,200,2020-06-30 19:50:00,2020-06-30 20:25:00,7,New York,61.2,bullish,True,Top 1.533 vs préc. 1.528,263,1,7,True,False,London,1.53633,1.5332,"['OB Baissier 1.533–1.538', 'OB Baissier 1.531–1.534', 'OB Baissier 1.530–1.531', 'OB Baissier 1.531–1.533', 'OB Baissier 1.533–1.534', 'OB Baissier 1.533–1.534', 'OB Baissier 1.530–1.533', 'OB Baissier 1.531–1.532', 'OB Baissier 1.533–1.534', 'OB Baissier 1.533–1.534', 'OB Baissier 1.533–1.535', 'OB Baissier 1.530–1.531', 'OB Baissier 1.533–1.534', 'OB Baissier 1.533–1.535', 'OB Baissier 1.531–1.532', 'OB Baissier 1.530–1.530']"
44,LONG,LOSS,-1.0,1.53727,1.53527,1.54127,200,2020-06-29 21:25:00,2020-06-29 21:55:00,6,New York,64.9,bullish,True,Top 1.540 vs préc. 1.533,137,1,4,False,True,London,1.53836,1.53512,"['OB Baissier 1.540–1.542', 'OB Baissier 1.539–1.541', 'OB Baissier 1.541–1.542', 'OB Baissier 1.541–1.543', 'OB Baissier 1.541–1.544', 'OB Baissier 1.539–1.542', 'OB Baissier 1.540–1.541', 'OB Baissier 1.538–1.540', 'OB Baissier 1.541–1.543', 'OB Baissier 1.538–1.540', 'OB Baissier 1.538–1.538', 'OB Baissier 1.539–1.540', 'OB Baissier 1.537–1.539']"
45,LONG,BE,0.0,1.54982,1.54782,1.55382,200,2020-07-15 19:00:00,2020-07-15 19:15:00,3,New York,75.4,bullish,True,Top 1.553 vs préc. 1.540,163,1,13,False,False,London,1.5543200000000001,1.5493000000000001,"['OB Baissier 1.550–1.557', 'OB Baissier 1.550–1.553', 'OB Baissier 1.551–1.553', 'OB Baissier 1.552–1.553', 'OB Baissier 1.553–1.554', 'OB Baissier 1.551–1.553', 'OB Baissier 1.553–1.553', 'OB Baissier 1.553–1.555', 'OB Baissier 1.551–1.552', 'OB Baissier 1.552–1.554', 'OB Baissier 1.551–1.552', 'OB Baissier 1.552–1.554', 'OB Baissier 1.552–1.555', 'OB Baissier 1.552–1.553', 'OB Baissier 1.552–1.556', 'OB Baissier 1.554–1.556']"
46,LONG,LOSS,-1.0,1.5455,1.5435,1.5495,200,2020-07-21 09:05:00,2020-07-21 13:15:00,50,London,60.8,bullish,True,Top 1.550 vs préc. 1.545,254,3,11,True,False,Tokyo,1.5499,1.54595,"['OB Baissier 1.548–1.552', 'OB Baissier 1.547–1.550', 'OB Baissier 1.549–1.553', 'OB Baissier 1.546–1.553', 'OB Baissier 1.549–1.553', 'OB Baissier 1.548–1.549', 'OB Baissier 1.546–1.548', 'OB Baissier 1.549–1.550', 'OB Baissier 1.548–1.549', 'OB Baissier 1.549–1.550', 'OB Baissier 1.548–1.549', 'OB Baissier 1.549–1.551', 'OB Baissier 1.546–1.548', 'OB Baissier 1.548–1.549', 'OB Baissier 1.546–1.548', 'OB Baissier 1.546–1.548', 'OB Baissier 1.546–1.547']"
47,LONG,LOSS,-1.0,1.5510899999999999,1.5490899999999999,1.5550899999999999,200,2020-07-20 17:45:00,2020-07-20 17:55:00,2,New York,71.8,bullish,True,Top 1.556 vs préc. 1.550,326,1,16,False,False,London,1.55743,1.55097,"['OB Baissier 1.554–1.560', 'OB Baissier 1.554–1.556', 'OB Baissier 1.554–1.556', 'OB Baissier 1.552–1.553', 'OB Baissier 1.555–1.557', 'OB Baissier 1.554–1.555', 'OB Baissier 1.554–1.560', 'OB Baissier 1.554–1.556', 'OB Baissier 1.554–1.555', 'OB Baissier 1.554–1.556', 'OB Baissier 1.554–1.555', 'OB Baissier 1.553–1.554', 'OB Baissier 1.551–1.553', 'OB Baissier 1.553–1.553', 'OB Baissier 1.553–1.555', 'OB Baissier 1.552–1.554', 'OB Baissier 1.552–1.554', 'OB Baissier 1.552–1.555', 'OB Baissier 1.552–1.553', 'OB Baissier 1.552–1.556', 'OB Baissier 1.554–1.556']"
48,LONG,BE,0.0,1.56596,1.56396,1.56996,200,2020-07-28 22:05:00,2020-07-29 02:15:00,50,New York,76.6,bullish,False,Top 1.569 vs préc. 1.572,169,1,8,False,True,London,1.56915,1.56596,"['OB Baissier 1.569–1.570', 'OB Baissier 1.567–1.569', 'OB Baissier 1.566–1.569', 'OB Baissier 1.566–1.569', 'OB Baissier 1.567–1.568', 'OB Baissier 1.567–1.568', 'OB Baissier 1.568–1.569', 'OB Baissier 1.568–1.569', 'OB Baissier 1.567–1.570', 'OB Baissier 1.569–1.571', 'OB Baissier 1.570–1.571', 'OB Baissier 1.569–1.570', 'OB Baissier 1.569–1.572']"
49,LONG,WIN,2.0,1.57074,1.56874,1.57474,200,2020-08-03 18:05:00,2020-08-03 18:45:00,8,New York,69.6,bullish,True,Top 1.574 vs préc. 1.572,293,2,1,True,False,London,1.5809,1.5767099999999998,"['OB Baissier 1.571–1.572', 'OB Baissier 1.572–1.574', 'OB Baissier 1.571–1.573', 'OB Baissier 1.571–1.573', 'OB Baissier 1.571–1.573', 'OB Baissier 1.571–1.575', 'OB Baissier 1.574–1.578', 'OB Baissier 1.575–1.576', 'OB Baissier 1.574–1.577', 'OB Baissier 1.572–1.576', 'OB Baissier 1.574–1.576', 'OB Baissier 1.571–1.572', 'OB Baissier 1.571–1.572']"
50,LONG,BE,0.0,1.5741399999999999,1.5721399999999999,1.5781399999999999,200,2020-08-03 16:55:00,2020-08-03 17:50:00,11,New York,69.6,bullish,True,Top 1.580 vs préc. 1.574,142,3,18,True,False,London,1.5809,1.5767099999999998,"['OB Baissier 1.577–1.578', 'OB Baissier 1.576–1.577', 'OB Baissier 1.576–1.581', 'OB Baissier 1.575–1.576', 'OB Baissier 1.576–1.578', 'OB Baissier 1.578–1.580', 'OB Baissier 1.574–1.577', 'OB Baissier 1.577–1.579', 'OB Baissier 1.577–1.578', 'OB Baissier 1.577–1.577', 'OB Baissier 1.577–1.578', 'OB Baissier 1.575–1.578', 'OB Baissier 1.578–1.578', 'OB Baissier 1.577–1.578']"
51,LONG,WIN,2.0,1.58479,1.58279,1.58879,200,2020-07-31 18:30:00,2020-07-31 19:10:00,8,New York,83.0,bullish,True,Top 1.591 vs préc. 1.580,492,1,4,True,False,London,1.59776,1.5904099999999999,"['OB Baissier 1.589–1.591', 'OB Baissier 1.586–1.591', 'OB Baissier 1.586–1.587']"
52,LONG,BE,0.0,1.589,1.587,1.593,200,2020-07-31 16:10:00,2020-07-31 17:55:00,21,New York,83.0,bullish,True,Top 1.592 vs préc. 1.591,165,1,7,True,False,London,1.59776,1.5904099999999999,"['OB Baissier 1.592–1.595', 'OB Baissier 1.591–1.593', 'OB Baissier 1.592–1.592', 'OB Baissier 1.590–1.591', 'OB Baissier 1.592–1.593', 'OB Baissier 1.591–1.592', 'OB Baissier 1.590–1.593', 'OB Baissier 1.591–1.593']"
53,SHORT,BE,0.0,1.5667499999999999,1.5687499999999999,1.5627499999999999,200,2020-08-13 12:10:00,2020-08-13 14:40:00,30,London,38.7,bearish,True,Bot 1.562 vs préc. 1.566,108,1,17,True,False,Tokyo,1.5642399999999999,1.5584799999999999,"['OB Haussier 1.557–1.563', 'OB Haussier 1.564–1.566', 'OB Haussier 1.563–1.563', 'OB Haussier 1.565–1.566', 'OB Haussier 1.561–1.563', 'OB Haussier 1.566–1.567', 'OB Haussier 1.565–1.566', 'OB Haussier 1.563–1.566', 'OB Haussier 1.564–1.565', 'OB Haussier 1.560–1.563', 'OB Haussier 1.562–1.565', 'OB Haussier 1.561–1.563', 'OB Haussier 1.564–1.564', 'OB Haussier 1.563–1.565']"
54,SHORT,LOSS,-1.0,1.55512,1.55712,1.55112,200,2020-08-24 13:25:00,2020-08-24 14:40:00,15,London,32.3,bearish,True,Bot 1.553 vs préc. 1.561,157,1,15,False,False,Tokyo,1.55614,1.55239,"['OB Haussier 1.552–1.554', 'OB Haussier 1.551–1.555', 'OB Haussier 1.550–1.552', 'OB Haussier 1.549–1.551', 'OB Haussier 1.549–1.551', 'OB Haussier 1.553–1.555', 'OB Haussier 1.546–1.551', 'OB Haussier 1.542–1.553', 'OB Haussier 1.544–1.554', 'OB Haussier 1.553–1.555', 'OB Haussier 1.550–1.551', 'OB Haussier 1.551–1.552', 'OB Haussier 1.552–1.553', 'OB Haussier 1.551–1.552', 'OB Haussier 1.550–1.552', 'OB Haussier 1.552–1.553', 'OB Haussier 1.554–1.555', 'OB Haussier 1.552–1.553', 'OB Haussier 1.552–1.553', 'OB Haussier 1.553–1.554', 'OB Haussier 1.554–1.555', 'OB Haussier 1.552–1.554', 'OB Haussier 1.552–1.554', 'OB Haussier 1.552–1.553', 'OB Haussier 1.550–1.551', 'OB Haussier 1.553–1.555']"
55,SHORT,BE,0.0,1.55704,1.55904,1.55304,200,2020-08-27 18:05:00,2020-08-27 18:15:00,2,New York,32.4,bearish,True,Bot 1.553 vs préc. 1.560,104,1,28,False,True,London,1.55809,1.55437,"['OB Haussier 1.552–1.554', 'OB Haussier 1.551–1.555', 'OB Haussier 1.554–1.557', 'OB Haussier 1.553–1.555', 'OB Haussier 1.544–1.554', 'OB Haussier 1.554–1.556', 'OB Haussier 1.553–1.555', 'OB Haussier 1.552–1.555', 'OB Haussier 1.555–1.556', 'OB Haussier 1.554–1.556', 'OB Haussier 1.555–1.556', 'OB Haussier 1.554–1.555', 'OB Haussier 1.555–1.557', 'OB Haussier 1.556–1.557', 'OB Haussier 1.554–1.555', 'OB Haussier 1.552–1.553', 'OB Haussier 1.553–1.554', 'OB Haussier 1.554–1.555', 'OB Haussier 1.552–1.554', 'OB Haussier 1.552–1.554', 'OB Haussier 1.553–1.555', 'OB Haussier 1.554–1.556', 'OB Haussier 1.554–1.556', 'OB Haussier 1.551–1.555', 'OB Haussier 1.552–1.556']"
56,SHORT,BE,0.0,1.55984,1.56184,1.55584,200,2020-08-28 19:50:00,2020-08-28 22:20:00,30,New York,34.7,bearish,True,Bot 1.551 vs préc. 1.553,275,1,8,True,False,London,1.5584799999999999,1.55248,"['OB Haussier 1.554–1.557', 'OB Haussier 1.554–1.556', 'OB Haussier 1.555–1.556', 'OB Haussier 1.559–1.559', 'OB Haussier 1.554–1.556', 'OB Haussier 1.555–1.556', 'OB Haussier 1.557–1.559', 'OB Haussier 1.558–1.559', 'OB Haussier 1.558–1.559', 'OB Haussier 1.555–1.557', 'OB Haussier 1.557–1.557', 'OB Haussier 1.558–1.559', 'OB Haussier 1.558–1.558', 'OB Haussier 1.557–1.559', 'OB Haussier 1.556–1.557', 'OB Haussier 1.557–1.559', 'OB Haussier 1.558–1.559', 'OB Haussier 1.557–1.559', 'OB Haussier 1.555–1.558', 'OB Haussier 1.554–1.556', 'OB Haussier 1.558–1.559', 'OB Haussier 1.558–1.559', 'OB Haussier 1.557–1.560', 'OB Haussier 1.559–1.560']"
57,LONG,WIN,2.0,1.55707,1.55507,1.56107,200,2020-09-11 02:00:00,2020-09-11 13:35:00,139,Tokyo,60.2,bullish,True,Top 1.561 vs préc. 1.555,205,1,8,False,False,New York,1.56582,1.5560399999999999,"['OB Baissier 1.557–1.562', 'OB Baissier 1.559–1.562', 'OB Baissier 1.560–1.568', 'OB Baissier 1.558–1.561', 'OB Baissier 1.561–1.566', 'OB Baissier 1.559–1.560', 'OB Baissier 1.557–1.558', 'OB Baissier 1.559–1.560', 'OB Baissier 1.558–1.560', 'OB Baissier 1.558–1.561', 'OB Baissier 1.560–1.561', 'OB Baissier 1.559–1.561', 'OB Baissier 1.559–1.560', 'OB Baissier 1.558–1.562', 'OB Baissier 1.560–1.562']"
58,SHORT,LOSS,-1.0,1.55987,1.56187,1.55587,200,2020-09-28 16:50:00,2020-09-28 17:10:00,4,New York,44.5,bearish,True,Bot 1.557 vs préc. 1.561,152,1,15,True,False,London,1.55948,1.5558999999999998,"['OB Haussier 1.554–1.557', 'OB Haussier 1.554–1.556', 'OB Haussier 1.555–1.556', 'OB Haussier 1.559–1.559', 'OB Haussier 1.554–1.556', 'OB Haussier 1.555–1.556', 'OB Haussier 1.557–1.559', 'OB Haussier 1.558–1.559', 'OB Haussier 1.558–1.559', 'OB Haussier 1.555–1.557', 'OB Haussier 1.557–1.557', 'OB Haussier 1.558–1.559', 'OB Haussier 1.558–1.558', 'OB Haussier 1.557–1.559', 'OB Haussier 1.556–1.557', 'OB Haussier 1.557–1.559', 'OB Haussier 1.558–1.559', 'OB Haussier 1.557–1.559', 'OB Haussier 1.555–1.558', 'OB Haussier 1.554–1.556', 'OB Haussier 1.558–1.559', 'OB Haussier 1.558–1.559', 'OB Haussier 1.557–1.560', 'OB Haussier 1.559–1.560']"
59,LONG,LOSS,-1.0,1.5615999999999999,1.5595999999999999,1.5655999999999999,200,2020-09-30 21:00:00,2020-09-30 22:20:00,16,New York,60.8,bullish,True,Top 1.565 vs préc. 1.561,269,1,20,True,False,London,1.5738400000000001,1.5692,"['OB Baissier 1.565–1.569', 'OB Baissier 1.562–1.564', 'OB Baissier 1.563–1.565', 'OB Baissier 1.562–1.566', 'OB Baissier 1.564–1.567', 'OB Baissier 1.563–1.564', 'OB Baissier 1.563–1.564', 'OB Baissier 1.564–1.565', 'OB Baissier 1.563–1.564', 'OB Baissier 1.564–1.567', 'OB Baissier 1.564–1.566', 'OB Baissier 1.564–1.565', 'OB Baissier 1.565–1.567', 'OB Baissier 1.562–1.564', 'OB Baissier 1.562–1.565', 'OB Baissier 1.564–1.565', 'OB Baissier 1.563–1.565', 'OB Baissier 1.564–1.565', 'OB Baissier 1.564–1.566', 'OB Baissier 1.564–1.565', 'OB Baissier 1.565–1.569', 'OB Baissier 1.563–1.564', 'OB Baissier 1.565–1.566', 'OB Baissier 1.564–1.565', 'OB Baissier 1.563–1.565', 'OB Baissier 1.562–1.564', 'OB Baissier 1.565–1.566']"
60,LONG,WIN,2.0,1.56482,1.56282,1.56882,200,2020-09-30 18:15:00,2020-09-30 19:45:00,18,New York,60.8,bullish,True,Top 1.572 vs préc. 1.565,659,1,4,True,False,London,1.5738400000000001,1.5692,"['OB Baissier 1.565–1.567', 'OB Baissier 1.567–1.569', 'OB Baissier 1.566–1.569', 'OB Baissier 1.566–1.569', 'OB Baissier 1.567–1.568', 'OB Baissier 1.565–1.569', 'OB Baissier 1.567–1.568', 'OB Baissier 1.568–1.569', 'OB Baissier 1.568–1.569', 'OB Baissier 1.567–1.570', 'OB Baissier 1.565–1.566']"
61,SHORT,LOSS,-1.0,1.5623399999999998,1.5643399999999998,1.5583399999999998,200,2020-10-05 18:30:00,2020-10-05 19:05:00,7,New York,36.5,bearish,True,Bot 1.560 vs préc. 1.561,145,1,29,True,False,London,1.55928,1.5560399999999999,"['OB Haussier 1.558–1.562', 'OB Haussier 1.559–1.559', 'OB Haussier 1.557–1.559', 'OB Haussier 1.558–1.559', 'OB Haussier 1.558–1.559', 'OB Haussier 1.558–1.559', 'OB Haussier 1.562–1.562', 'OB Haussier 1.561–1.562', 'OB Haussier 1.557–1.559', 'OB Haussier 1.557–1.559', 'OB Haussier 1.558–1.559', 'OB Haussier 1.560–1.561', 'OB Haussier 1.557–1.559', 'OB Haussier 1.559–1.561', 'OB Haussier 1.560–1.561', 'OB Haussier 1.558–1.560', 'OB Haussier 1.558–1.559', 'OB Haussier 1.558–1.559', 'OB Haussier 1.557–1.560', 'OB Haussier 1.560–1.561', 'OB Haussier 1.561–1.562', 'OB Haussier 1.558–1.561', 'OB Haussier 1.559–1.560', 'OB Haussier 1.559–1.562', 'OB Haussier 1.559–1.561']"
62,SHORT,BE,0.0,1.54887,1.55087,1.54487,200,2020-10-15 19:05:00,2020-10-16 02:00:00,83,New York,30.9,bearish,True,Bot 1.547 vs préc. 1.553,122,2,10,True,False,London,1.5466600000000001,1.5435699999999999,"['OB Haussier 1.544–1.547', 'OB Haussier 1.544–1.547', 'OB Haussier 1.543–1.547', 'OB Haussier 1.543–1.545', 'OB Haussier 1.546–1.547', 'OB Haussier 1.544–1.546', 'OB Haussier 1.547–1.548', 'OB Haussier 1.547–1.548', 'OB Haussier 1.548–1.549', 'OB Haussier 1.547–1.549', 'OB Haussier 1.547–1.549', 'OB Haussier 1.546–1.547', 'OB Haussier 1.545–1.546', 'OB Haussier 1.543–1.545', 'OB Haussier 1.542–1.545']"
63,SHORT,LOSS,-1.0,1.5474700000000001,1.5494700000000001,1.5434700000000001,200,2020-10-15 17:30:00,2020-10-15 19:15:00,21,New York,30.9,bearish,True,Bot 1.544 vs préc. 1.547,120,1,25,True,False,London,1.5466600000000001,1.5435699999999999,"['OB Haussier 1.544–1.547', 'OB Haussier 1.544–1.547', 'OB Haussier 1.543–1.547', 'OB Haussier 1.543–1.545', 'OB Haussier 1.546–1.547', 'OB Haussier 1.544–1.546', 'OB Haussier 1.544–1.544', 'OB Haussier 1.543–1.545', 'OB Haussier 1.546–1.547', 'OB Haussier 1.545–1.546', 'OB Haussier 1.543–1.545', 'OB Haussier 1.544–1.544', 'OB Haussier 1.542–1.545']"
64,SHORT,WIN,2.0,1.5501800000000001,1.5521800000000001,1.54618,200,2020-10-16 17:30:00,2020-10-16 20:00:00,30,New York,41.3,bearish,False,Bot 1.548 vs préc. 1.544,111,1,17,True,False,London,1.54924,1.54638,"['OB Haussier 1.544–1.547', 'OB Haussier 1.546–1.550', 'OB Haussier 1.542–1.549', 'OB Haussier 1.544–1.547', 'OB Haussier 1.541–1.549', 'OB Haussier 1.543–1.547', 'OB Haussier 1.544–1.549', 'OB Haussier 1.546–1.547', 'OB Haussier 1.547–1.548', 'OB Haussier 1.547–1.548', 'OB Haussier 1.548–1.549', 'OB Haussier 1.547–1.549', 'OB Haussier 1.547–1.549', 'OB Haussier 1.546–1.547', 'OB Haussier 1.545–1.546', 'OB Haussier 1.547–1.550']"
65,LONG,BE,0.0,1.5571199999999998,1.5551199999999998,1.5611199999999998,200,2020-10-27 11:10:00,2020-10-27 17:50:00,80,London,65.7,bullish,True,Top 1.561 vs préc. 1.551,267,1,15,True,False,Tokyo,1.56032,1.55822,"['OB Baissier 1.557–1.562', 'OB Baissier 1.559–1.562', 'OB Baissier 1.560–1.568', 'OB Baissier 1.558–1.561', 'OB Baissier 1.561–1.566', 'OB Baissier 1.559–1.560', 'OB Baissier 1.559–1.560', 'OB Baissier 1.558–1.560', 'OB Baissier 1.558–1.561', 'OB Baissier 1.560–1.561', 'OB Baissier 1.559–1.561', 'OB Baissier 1.559–1.560', 'OB Baissier 1.558–1.562', 'OB Baissier 1.560–1.562']"
66,LONG,LOSS,-1.0,1.55613,1.55413,1.56013,200,2020-10-27 19:20:00,2020-10-28 00:10:00,58,New York,65.7,bullish,False,Top 1.558 vs préc. 1.561,167,1,21,True,True,London,1.55959,1.55612,"['OB Baissier 1.557–1.562', 'OB Baissier 1.557–1.558', 'OB Baissier 1.557–1.558', 'OB Baissier 1.559–1.562', 'OB Baissier 1.558–1.561', 'OB Baissier 1.559–1.560', 'OB Baissier 1.557–1.558', 'OB Baissier 1.559–1.560', 'OB Baissier 1.558–1.560', 'OB Baissier 1.558–1.561', 'OB Baissier 1.560–1.561', 'OB Baissier 1.557–1.558', 'OB Baissier 1.559–1.561', 'OB Baissier 1.556–1.557', 'OB Baissier 1.559–1.560', 'OB Baissier 1.558–1.562', 'OB Baissier 1.560–1.562']"
67,LONG,LOSS,-1.0,1.5570599999999999,1.5550599999999999,1.56106,200,2020-10-29 17:55:00,2020-10-29 21:05:00,38,New York,63.1,bullish,True,Top 1.560 vs préc. 1.558,109,1,8,True,True,London,1.56315,1.5595400000000001,"['OB Baissier 1.557–1.562', 'OB Baissier 1.559–1.562', 'OB Baissier 1.560–1.568', 'OB Baissier 1.558–1.561', 'OB Baissier 1.561–1.566', 'OB Baissier 1.559–1.560', 'OB Baissier 1.557–1.558', 'OB Baissier 1.559–1.560', 'OB Baissier 1.558–1.560', 'OB Baissier 1.558–1.561', 'OB Baissier 1.560–1.561', 'OB Baissier 1.559–1.561', 'OB Baissier 1.559–1.560', 'OB Baissier 1.558–1.562', 'OB Baissier 1.560–1.562']"
68,SHORT,WIN,2.0,1.54285,1.54485,1.53885,200,2020-11-04 03:25:00,2020-11-04 04:25:00,12,Tokyo,41.6,bearish,True,Bot 1.538 vs préc. 1.544,213,1,35,True,False,New York,1.54217,1.5361500000000001,"['OB Haussier 1.538–1.541', 'OB Haussier 1.540–1.541', 'OB Haussier 1.539–1.541', 'OB Haussier 1.542–1.543', 'OB Haussier 1.540–1.541', 'OB Haussier 1.539–1.540', 'OB Haussier 1.541–1.542', 'OB Haussier 1.542–1.543']"
69,LONG,BE,0.0,1.55169,1.54969,1.55569,200,2020-11-16 10:15:00,2020-11-16 14:35:00,52,London,61.5,bullish,True,Top 1.554 vs préc. 1.537,124,1,28,True,False,Tokyo,1.55592,1.55264,"['OB Baissier 1.554–1.560', 'OB Baissier 1.556–1.560', 'OB Baissier 1.556–1.559', 'OB Baissier 1.554–1.556', 'OB Baissier 1.554–1.556', 'OB Baissier 1.556–1.557', 'OB Baissier 1.552–1.553', 'OB Baissier 1.555–1.557', 'OB Baissier 1.554–1.555', 'OB Baissier 1.554–1.560', 'OB Baissier 1.554–1.556', 'OB Baissier 1.554–1.555', 'OB Baissier 1.554–1.556', 'OB Baissier 1.554–1.555', 'OB Baissier 1.553–1.554', 'OB Baissier 1.553–1.553', 'OB Baissier 1.553–1.555', 'OB Baissier 1.552–1.554', 'OB Baissier 1.552–1.554', 'OB Baissier 1.552–1.555', 'OB Baissier 1.552–1.556', 'OB Baissier 1.554–1.556']"
70,LONG,BE,0.0,1.55183,1.54983,1.55583,200,2020-11-17 22:15:00,2020-11-18 13:15:00,180,New York,55.7,bullish,True,Top 1.556 vs préc. 1.554,309,1,22,False,True,London,1.55347,1.54976,"['OB Baissier 1.554–1.560', 'OB Baissier 1.556–1.560', 'OB Baissier 1.556–1.559', 'OB Baissier 1.554–1.556', 'OB Baissier 1.554–1.556', 'OB Baissier 1.556–1.557', 'OB Baissier 1.552–1.553', 'OB Baissier 1.555–1.557', 'OB Baissier 1.554–1.555', 'OB Baissier 1.554–1.560', 'OB Baissier 1.554–1.556', 'OB Baissier 1.554–1.555', 'OB Baissier 1.554–1.556', 'OB Baissier 1.554–1.555', 'OB Baissier 1.553–1.554', 'OB Baissier 1.553–1.553', 'OB Baissier 1.553–1.555', 'OB Baissier 1.552–1.554', 'OB Baissier 1.552–1.554', 'OB Baissier 1.552–1.556', 'OB Baissier 1.554–1.556']"
71,LONG,WIN,2.0,1.55777,1.55577,1.56177,200,2020-12-02 12:10:00,2020-12-02 15:55:00,45,London,72.2,bullish,True,Top 1.561 vs préc. 1.559,191,1,4,True,False,Tokyo,1.56362,1.5600100000000001,"['OB Baissier 1.562–1.564', 'OB Baissier 1.559–1.562', 'OB Baissier 1.560–1.568', 'OB Baissier 1.558–1.561', 'OB Baissier 1.561–1.566', 'OB Baissier 1.559–1.560', 'OB Baissier 1.561–1.562', 'OB Baissier 1.559–1.560', 'OB Baissier 1.561–1.563', 'OB Baissier 1.558–1.560', 'OB Baissier 1.558–1.561', 'OB Baissier 1.560–1.561', 'OB Baissier 1.559–1.561', 'OB Baissier 1.559–1.560', 'OB Baissier 1.558–1.562', 'OB Baissier 1.560–1.562', 'OB Baissier 1.561–1.567', 'OB Baissier 1.561–1.562', 'OB Baissier 1.561–1.563']"
72,LONG,LOSS,-1.0,1.5600100000000001,1.5580100000000001,1.5640100000000001,200,2020-12-02 11:20:00,2020-12-02 12:00:00,8,London,72.2,bullish,True,Top 1.563 vs préc. 1.561,137,1,18,True,False,Tokyo,1.56362,1.5600100000000001,"['OB Baissier 1.562–1.564', 'OB Baissier 1.560–1.568', 'OB Baissier 1.563–1.565', 'OB Baissier 1.562–1.566', 'OB Baissier 1.563–1.564', 'OB Baissier 1.563–1.564', 'OB Baissier 1.561–1.566', 'OB Baissier 1.563–1.564', 'OB Baissier 1.561–1.562', 'OB Baissier 1.561–1.563', 'OB Baissier 1.564–1.567', 'OB Baissier 1.564–1.565', 'OB Baissier 1.562–1.564', 'OB Baissier 1.560–1.561', 'OB Baissier 1.562–1.565', 'OB Baissier 1.564–1.565', 'OB Baissier 1.563–1.565', 'OB Baissier 1.561–1.567', 'OB Baissier 1.564–1.565', 'OB Baissier 1.561–1.562', 'OB Baissier 1.564–1.565', 'OB Baissier 1.563–1.564', 'OB Baissier 1.564–1.565', 'OB Baissier 1.563–1.565', 'OB Baissier 1.561–1.563', 'OB Baissier 1.562–1.564']"
73,SHORT,WIN,2.0,1.5493000000000001,1.5513000000000001,1.5453000000000001,200,2020-12-11 17:20:00,2020-12-11 19:15:00,23,New York,35.0,bearish,True,Bot 1.546 vs préc. 1.555,242,1,20,True,False,London,1.5487600000000001,1.54457,"['OB Haussier 1.544–1.547', 'OB Haussier 1.542–1.549', 'OB Haussier 1.544–1.547', 'OB Haussier 1.541–1.549', 'OB Haussier 1.543–1.547', 'OB Haussier 1.544–1.549', 'OB Haussier 1.543–1.545', 'OB Haussier 1.546–1.547', 'OB Haussier 1.544–1.546', 'OB Haussier 1.547–1.548', 'OB Haussier 1.547–1.548', 'OB Haussier 1.548–1.549', 'OB Haussier 1.547–1.549', 'OB Haussier 1.547–1.549', 'OB Haussier 1.546–1.547', 'OB Haussier 1.545–1.546']"
74,SHORT,LOSS,-1.0,1.54642,1.54842,1.54242,200,2020-12-10 22:55:00,2020-12-11 13:30:00,175,New York,38.2,bearish,True,Bot 1.543 vs préc. 1.546,115,1,22,False,True,London,1.54931,1.54629,"['OB Haussier 1.543–1.545', 'OB Haussier 1.544–1.546', 'OB Haussier 1.542–1.543', 'OB Haussier 1.544–1.544', 'OB Haussier 1.543–1.545', 'OB Haussier 1.545–1.546', 'OB Haussier 1.542–1.543', 'OB Haussier 1.543–1.545', 'OB Haussier 1.538–1.543', 'OB Haussier 1.544–1.544', 'OB Haussier 1.542–1.545']"
75,LONG,BE,0.0,1.56577,1.56377,1.56977,200,2020-12-23 19:55:00,2020-12-24 12:50:00,203,New York,68.8,bullish,True,Top 1.572 vs préc. 1.565,444,1,13,True,False,London,1.57193,1.5673,"['OB Baissier 1.569–1.570', 'OB Baissier 1.567–1.569', 'OB Baissier 1.566–1.569', 'OB Baissier 1.566–1.569', 'OB Baissier 1.567–1.568', 'OB Baissier 1.567–1.568', 'OB Baissier 1.568–1.569', 'OB Baissier 1.568–1.569', 'OB Baissier 1.567–1.570', 'OB Baissier 1.569–1.571', 'OB Baissier 1.570–1.571', 'OB Baissier 1.569–1.570', 'OB Baissier 1.569–1.572']"
76,LONG,WIN,2.0,1.56687,1.56487,1.57087,200,2020-12-29 19:00:00,2020-12-30 02:00:00,84,New York,63.9,bullish,True,Top 1.572 vs préc. 1.566,351,1,31,True,True,London,1.57077,1.56847,"['OB Baissier 1.571–1.572', 'OB Baissier 1.571–1.573', 'OB Baissier 1.569–1.570', 'OB Baissier 1.571–1.575', 'OB Baissier 1.567–1.568', 'OB Baissier 1.567–1.568', 'OB Baissier 1.568–1.569', 'OB Baissier 1.568–1.569', 'OB Baissier 1.569–1.571', 'OB Baissier 1.570–1.571', 'OB Baissier 1.569–1.570', 'OB Baissier 1.571–1.572', 'OB Baissier 1.569–1.572']"
77,LONG,BE,0.0,1.56705,1.56505,1.57105,200,2020-12-30 19:20:00,2020-12-31 01:00:00,68,New York,68.2,bullish,False,Top 1.570 vs préc. 1.572,191,1,16,True,True,London,1.57155,1.56771,"['OB Baissier 1.571–1.572', 'OB Baissier 1.571–1.573', 'OB Baissier 1.569–1.570', 'OB Baissier 1.571–1.575', 'OB Baissier 1.567–1.568', 'OB Baissier 1.567–1.568', 'OB Baissier 1.568–1.569', 'OB Baissier 1.568–1.569', 'OB Baissier 1.569–1.571', 'OB Baissier 1.570–1.571', 'OB Baissier 1.569–1.570', 'OB Baissier 1.571–1.572', 'OB Baissier 1.569–1.572']"
78,LONG,LOSS,-1.0,1.56589,1.56389,1.56989,200,2020-12-31 11:35:00,2020-12-31 14:40:00,37,London,56.0,bullish,False,Top 1.567 vs préc. 1.570,132,1,16,True,False,Tokyo,1.569,1.56577,"['OB Baissier 1.569–1.570', 'OB Baissier 1.567–1.569', 'OB Baissier 1.566–1.569', 'OB Baissier 1.566–1.569', 'OB Baissier 1.567–1.568', 'OB Baissier 1.567–1.568', 'OB Baissier 1.568–1.569', 'OB Baissier 1.568–1.569', 'OB Baissier 1.567–1.570', 'OB Baissier 1.569–1.571', 'OB Baissier 1.570–1.571', 'OB Baissier 1.569–1.570', 'OB Baissier 1.569–1.572']"
79,SHORT,LOSS,-1.0,1.5399699999999998,1.5419699999999998,1.5359699999999998,200,2021-01-15 12:15:00,2021-01-15 16:15:00,48,London,32.8,bearish,True,Bot 1.536 vs préc. 1.549,209,1,23,True,False,Tokyo,1.53746,1.53508,"['OB Haussier 1.529–1.538', 'OB Haussier 1.532–1.537', 'OB Haussier 1.536–1.538', 'OB Haussier 1.537–1.538', 'OB Haussier 1.535–1.537', 'OB Haussier 1.537–1.538', 'OB Haussier 1.539–1.540', 'OB Haussier 1.537–1.538']"
80,SHORT,WIN,2.0,1.54329,1.54529,1.53929,200,2021-01-18 09:35:00,2021-01-18 23:40:00,169,London,42.6,bearish,False,Bot 1.538 vs préc. 1.536,300,1,23,True,False,Tokyo,1.5429300000000001,1.53681,"['OB Haussier 1.538–1.541', 'OB Haussier 1.540–1.541', 'OB Haussier 1.539–1.541', 'OB Haussier 1.542–1.543', 'OB Haussier 1.540–1.541', 'OB Haussier 1.539–1.540', 'OB Haussier 1.541–1.542', 'OB Haussier 1.542–1.543', 'OB Haussier 1.538–1.543']"
81,LONG,WIN,2.0,1.5525,1.5505,1.5565,200,2021-01-28 18:55:00,2021-01-29 06:40:00,139,New York,62.7,bullish,True,Top 1.557 vs préc. 1.547,325,1,14,False,False,London,1.55934,1.55187,"['OB Baissier 1.554–1.560', 'OB Baissier 1.556–1.560', 'OB Baissier 1.556–1.559', 'OB Baissier 1.556–1.559', 'OB Baissier 1.554–1.556', 'OB Baissier 1.554–1.556', 'OB Baissier 1.556–1.560', 'OB Baissier 1.556–1.557', 'OB Baissier 1.555–1.557', 'OB Baissier 1.554–1.555', 'OB Baissier 1.556–1.557', 'OB Baissier 1.554–1.560', 'OB Baissier 1.554–1.556', 'OB Baissier 1.554–1.555', 'OB Baissier 1.554–1.556', 'OB Baissier 1.554–1.555', 'OB Baissier 1.553–1.554', 'OB Baissier 1.553–1.553', 'OB Baissier 1.553–1.555', 'OB Baissier 1.556–1.557', 'OB Baissier 1.554–1.556']"
82,SHORT,WIN,2.0,1.5463,1.5483,1.5423,200,2021-02-02 17:40:00,2021-02-02 19:05:00,17,New York,44.0,bearish,True,Bot 1.542 vs préc. 1.546,323,1,3,False,False,London,1.54913,1.5403,"['OB Haussier 1.543–1.545', 'OB Haussier 1.544–1.546', 'OB Haussier 1.542–1.543', 'OB Haussier 1.544–1.544', 'OB Haussier 1.541–1.542', 'OB Haussier 1.543–1.545', 'OB Haussier 1.542–1.543', 'OB Haussier 1.543–1.545', 'OB Haussier 1.538–1.543', 'OB Haussier 1.544–1.544', 'OB Haussier 1.542–1.545']"
83,SHORT,BE,0.0,1.5384600000000002,1.5404600000000002,1.5344600000000002,200,2021-02-05 16:30:00,2021-02-05 19:55:00,41,New York,27.7,bearish,True,Bot 1.535 vs préc. 1.541,306,1,10,True,False,London,1.53368,1.5312999999999999,"['OB Haussier 1.529–1.538', 'OB Haussier 1.532–1.537', 'OB Haussier 1.529–1.535', 'OB Haussier 1.534–1.535', 'OB Haussier 1.536–1.538', 'OB Haussier 1.537–1.538', 'OB Haussier 1.534–1.535', 'OB Haussier 1.535–1.537', 'OB Haussier 1.533–1.535', 'OB Haussier 1.537–1.538', 'OB Haussier 1.534–1.535', 'OB Haussier 1.537–1.538']"
84,SHORT,LOSS,-1.0,1.53461,1.53661,1.53061,200,2021-02-19 04:30:00,2021-02-19 11:00:00,78,Tokyo,42.1,bearish,True,Bot 1.533 vs préc. 1.540,106,1,14,False,False,New York,1.53674,1.5300500000000001,"['OB Haussier 1.529–1.531', 'OB Haussier 1.532–1.532', 'OB Haussier 1.530–1.533', 'OB Haussier 1.533–1.534', 'OB Haussier 1.531–1.533', 'OB Haussier 1.532–1.534', 'OB Haussier 1.533–1.533', 'OB Haussier 1.533–1.534']"
85,SHORT,BE,0.0,1.532,1.534,1.528,200,2021-02-25 19:55:00,2021-02-25 22:45:00,34,New York,33.3,bearish,True,Bot 1.529 vs préc. 1.531,165,1,16,True,False,London,1.5270700000000001,1.52164,"['OB Haussier 1.528–1.530', 'OB Haussier 1.525–1.529', 'OB Haussier 1.526–1.528', 'OB Haussier 1.529–1.531', 'OB Haussier 1.527–1.529', 'OB Haussier 1.529–1.530', 'OB Haussier 1.527–1.529', 'OB Haussier 1.529–1.529', 'OB Haussier 1.527–1.529', 'OB Haussier 1.527–1.528', 'OB Haussier 1.528–1.530']"
86,SHORT,WIN,2.0,1.53043,1.53243,1.52643,200,2021-02-24 11:45:00,2021-02-24 15:55:00,50,London,36.3,bearish,True,Bot 1.528 vs préc. 1.529,109,1,10,True,False,Tokyo,1.53043,1.52692,"['OB Haussier 1.525–1.529', 'OB Haussier 1.526–1.527', 'OB Haussier 1.526–1.528', 'OB Haussier 1.526–1.528', 'OB Haussier 1.526–1.527', 'OB Haussier 1.527–1.529', 'OB Haussier 1.529–1.530', 'OB Haussier 1.527–1.529', 'OB Haussier 1.529–1.529', 'OB Haussier 1.527–1.529', 'OB Haussier 1.527–1.528', 'OB Haussier 1.528–1.530']"
87,SHORT,WIN,2.0,1.5067300000000001,1.5087300000000001,1.5027300000000001,200,2021-03-10 18:00:00,2021-03-10 18:50:00,10,New York,35.5,bearish,True,Bot 1.503 vs préc. 1.512,212,1,22,True,True,London,1.50618,1.50442,"['OB Haussier 1.501–1.503', 'OB Haussier 1.503–1.504', 'OB Haussier 1.506–1.507', 'OB Haussier 1.503–1.504', 'OB Haussier 1.505–1.506', 'OB Haussier 1.503–1.504', 'OB Haussier 1.503–1.505', 'OB Haussier 1.502–1.503', 'OB Haussier 1.504–1.506', 'OB Haussier 1.503–1.504', 'OB Haussier 1.502–1.504', 'OB Haussier 1.503–1.504', 'OB Haussier 1.506–1.506', 'OB Haussier 1.502–1.503', 'OB Haussier 1.503–1.505', 'OB Haussier 1.503–1.504', 'OB Haussier 1.501–1.504', 'OB Haussier 1.505–1.506']"
88,SHORT,BE,0.0,1.49001,1.49201,1.48601,200,2021-03-15 18:05:00,2021-03-16 11:40:00,209,New York,22.5,bearish,True,Bot 1.485 vs préc. 1.491,361,1,10,True,False,London,1.49013,1.48434,"['OB Haussier 1.481–1.488', 'OB Haussier 1.486–1.487', 'OB Haussier 1.485–1.487', 'OB Haussier 1.486–1.487', 'OB Haussier 1.486–1.486', 'OB Haussier 1.487–1.488', 'OB Haussier 1.486–1.487', 'OB Haussier 1.487–1.489', 'OB Haussier 1.485–1.487', 'OB Haussier 1.486–1.487', 'OB Haussier 1.486–1.487', 'OB Haussier 1.488–1.489', 'OB Haussier 1.486–1.489', 'OB Haussier 1.487–1.488', 'OB Haussier 1.489–1.490', 'OB Haussier 1.485–1.487', 'OB Haussier 1.488–1.490', 'OB Haussier 1.488–1.490', 'OB Haussier 1.488–1.489']"
89,SHORT,BE,0.0,1.4898500000000001,1.4918500000000001,1.4858500000000001,200,2021-03-18 22:40:00,2021-03-19 10:10:00,136,New York,27.4,bearish,False,Bot 1.487 vs préc. 1.485,178,1,17,True,True,London,1.48369,1.48072,"['OB Haussier 1.481–1.488', 'OB Haussier 1.486–1.487', 'OB Haussier 1.485–1.487', 'OB Haussier 1.486–1.487', 'OB Haussier 1.486–1.486', 'OB Haussier 1.487–1.488', 'OB Haussier 1.486–1.487', 'OB Haussier 1.487–1.489', 'OB Haussier 1.485–1.487', 'OB Haussier 1.486–1.487', 'OB Haussier 1.486–1.487', 'OB Haussier 1.488–1.489', 'OB Haussier 1.486–1.489', 'OB Haussier 1.487–1.488', 'OB Haussier 1.485–1.487', 'OB Haussier 1.488–1.490', 'OB Haussier 1.488–1.489']"
90,SHORT,BE,0.0,1.48529,1.48729,1.48129,200,2021-03-17 14:15:00,2021-03-17 17:00:00,33,New York,20.4,bearish,True,Bot 1.482 vs préc. 1.487,214,1,19,True,False,London,1.48518,1.4810400000000001,"['OB Haussier 1.483–1.485', 'OB Haussier 1.479–1.484', 'OB Haussier 1.481–1.482', 'OB Haussier 1.483–1.484', 'OB Haussier 1.481–1.482', 'OB Haussier 1.482–1.484', 'OB Haussier 1.484–1.485', 'OB Haussier 1.480–1.481', 'OB Haussier 1.483–1.484', 'OB Haussier 1.481–1.482', 'OB Haussier 1.482–1.482', 'OB Haussier 1.483–1.484', 'OB Haussier 1.481–1.483', 'OB Haussier 1.481–1.482', 'OB Haussier 1.481–1.482', 'OB Haussier 1.481–1.482', 'OB Haussier 1.481–1.483', 'OB Haussier 1.484–1.485']"
91,SHORT,BE,0.0,1.49021,1.49221,1.48621,200,2021-03-19 18:15:00,2021-03-19 19:55:00,20,New York,42.3,bearish,True,Bot 1.488 vs préc. 1.489,143,1,14,True,True,London,1.49023,1.48508,"['OB Haussier 1.481–1.488', 'OB Haussier 1.486–1.487', 'OB Haussier 1.485–1.487', 'OB Haussier 1.486–1.487', 'OB Haussier 1.486–1.486', 'OB Haussier 1.487–1.488', 'OB Haussier 1.486–1.487', 'OB Haussier 1.487–1.489', 'OB Haussier 1.485–1.487', 'OB Haussier 1.486–1.487', 'OB Haussier 1.486–1.487', 'OB Haussier 1.488–1.489', 'OB Haussier 1.486–1.489', 'OB Haussier 1.487–1.488', 'OB Haussier 1.489–1.490', 'OB Haussier 1.485–1.487', 'OB Haussier 1.488–1.490', 'OB Haussier 1.488–1.490', 'OB Haussier 1.488–1.489']"
92,SHORT,LOSS,-1.0,1.4776799999999999,1.4796799999999999,1.4736799999999999,200,2021-04-01 12:25:00,2021-04-01 19:50:00,89,London,23.3,bearish,True,Bot 1.474 vs préc. 1.487,179,1,28,True,False,Tokyo,1.47625,1.47249,"['OB Haussier 1.471–1.475', 'OB Haussier 1.473–1.474', 'OB Haussier 1.474–1.477', 'OB Haussier 1.474–1.477', 'OB Haussier 1.476–1.476', 'OB Haussier 1.475–1.476', 'OB Haussier 1.474–1.475', 'OB Haussier 1.475–1.475', 'OB Haussier 1.476–1.476', 'OB Haussier 1.476–1.477', 'OB Haussier 1.472–1.474', 'OB Haussier 1.474–1.476', 'OB Haussier 1.472–1.474', 'OB Haussier 1.474–1.476', 'OB Haussier 1.474–1.477', 'OB Haussier 1.473–1.474', 'OB Haussier 1.475–1.476', 'OB Haussier 1.473–1.474', 'OB Haussier 1.476–1.477', 'OB Haussier 1.476–1.477', 'OB Haussier 1.474–1.475', 'OB Haussier 1.475–1.476', 'OB Haussier 1.474–1.475', 'OB Haussier 1.474–1.475', 'OB Haussier 1.477–1.478', 'OB Haussier 1.476–1.477']"
93,SHORT,LOSS,-1.0,1.47781,1.47981,1.47381,200,2021-04-02 11:25:00,2021-04-02 13:15:00,22,London,33.3,bearish,False,Bot 1.475 vs préc. 1.474,203,2,16,False,False,Tokyo,1.47828,1.47513,"['OB Haussier 1.471–1.475', 'OB Haussier 1.474–1.477', 'OB Haussier 1.474–1.477', 'OB Haussier 1.476–1.478', 'OB Haussier 1.476–1.476', 'OB Haussier 1.475–1.476', 'OB Haussier 1.474–1.475', 'OB Haussier 1.475–1.475', 'OB Haussier 1.476–1.476', 'OB Haussier 1.476–1.477', 'OB Haussier 1.474–1.476', 'OB Haussier 1.472–1.474', 'OB Haussier 1.474–1.476', 'OB Haussier 1.474–1.477', 'OB Haussier 1.473–1.474', 'OB Haussier 1.475–1.476', 'OB Haussier 1.473–1.474', 'OB Haussier 1.476–1.477', 'OB Haussier 1.476–1.477', 'OB Haussier 1.474–1.475', 'OB Haussier 1.475–1.476', 'OB Haussier 1.474–1.475', 'OB Haussier 1.474–1.475', 'OB Haussier 1.477–1.478', 'OB Haussier 1.476–1.477']"
94,SHORT,WIN,2.0,1.4800499999999999,1.4820499999999999,1.4760499999999999,200,2021-04-05 03:00:00,2021-04-05 13:45:00,129,Tokyo,36.6,bearish,False,Bot 1.477 vs préc. 1.475,132,1,19,False,False,New York,1.48048,1.47512,"['OB Haussier 1.477–1.479', 'OB Haussier 1.474–1.477', 'OB Haussier 1.474–1.477', 'OB Haussier 1.477–1.478', 'OB Haussier 1.477–1.478', 'OB Haussier 1.479–1.480', 'OB Haussier 1.476–1.478', 'OB Haussier 1.476–1.476', 'OB Haussier 1.478–1.479', 'OB Haussier 1.476–1.477', 'OB Haussier 1.478–1.479', 'OB Haussier 1.474–1.477', 'OB Haussier 1.475–1.476', 'OB Haussier 1.476–1.477', 'OB Haussier 1.477–1.478', 'OB Haussier 1.478–1.479', 'OB Haussier 1.479–1.480', 'OB Haussier 1.479–1.480', 'OB Haussier 1.476–1.477', 'OB Haussier 1.475–1.476', 'OB Haussier 1.478–1.479', 'OB Haussier 1.477–1.478', 'OB Haussier 1.478–1.478', 'OB Haussier 1.477–1.478', 'OB Haussier 1.477–1.478', 'OB Haussier 1.476–1.477']"
95,LONG,LOSS,-1.0,1.49336,1.49136,1.49736,200,2021-04-09 17:30:00,2021-04-09 17:35:00,1,New York,60.9,bullish,True,Top 1.497 vs préc. 1.493,196,1,3,True,False,London,1.49987,1.49635,"['OB Baissier 1.496–1.497', 'OB Baissier 1.493–1.495', 'OB Baissier 1.497–1.498', 'OB Baissier 1.494–1.496', 'OB Baissier 1.494–1.498', 'OB Baissier 1.493–1.494', 'OB Baissier 1.496–1.497', 'OB Baissier 1.494–1.495', 'OB Baissier 1.494–1.494', 'OB Baissier 1.496–1.497', 'OB Baissier 1.494–1.494', 'OB Baissier 1.496–1.498', 'OB Baissier 1.495–1.496', 'OB Baissier 1.495–1.496', 'OB Baissier 1.497–1.498', 'OB Baissier 1.496–1.497', 'OB Baissier 1.497–1.498', 'OB Baissier 1.495–1.496', 'OB Baissier 1.496–1.498', 'OB Baissier 1.494–1.495', 'OB Baissier 1.497–1.500', 'OB Baissier 1.494–1.497', 'OB Baissier 1.496–1.497', 'OB Baissier 1.495–1.496', 'OB Baissier 1.496–1.497', 'OB Baissier 1.494–1.495', 'OB Baissier 1.496–1.497', 'OB Baissier 1.496–1.497']"
96,LONG,LOSS,-1.0,1.4944899999999999,1.4924899999999999,1.4984899999999999,200,2021-04-09 16:10:00,2021-04-09 17:30:00,16,New York,60.9,bullish,True,Top 1.497 vs préc. 1.497,147,1,13,True,False,London,1.49987,1.49635,"['OB Baissier 1.496–1.497', 'OB Baissier 1.497–1.498', 'OB Baissier 1.498–1.498', 'OB Baissier 1.496–1.497', 'OB Baissier 1.496–1.497', 'OB Baissier 1.498–1.499', 'OB Baissier 1.496–1.498', 'OB Baissier 1.495–1.496', 'OB Baissier 1.495–1.496', 'OB Baissier 1.497–1.498', 'OB Baissier 1.496–1.497', 'OB Baissier 1.498–1.499', 'OB Baissier 1.497–1.498', 'OB Baissier 1.495–1.496', 'OB Baissier 1.498–1.499', 'OB Baissier 1.496–1.498', 'OB Baissier 1.497–1.500', 'OB Baissier 1.496–1.497', 'OB Baissier 1.495–1.496', 'OB Baissier 1.496–1.497', 'OB Baissier 1.496–1.497', 'OB Baissier 1.496–1.497', 'OB Baissier 1.498–1.500']"
97,LONG,WIN,2.0,1.49678,1.49478,1.50078,200,2021-04-13 20:15:00,2021-04-14 11:20:00,179,New York,66.7,bullish,True,Top 1.500 vs préc. 1.497,239,1,14,False,True,London,1.49796,1.49513,"['OB Baissier 1.500–1.503', 'OB Baissier 1.499–1.500', 'OB Baissier 1.498–1.498', 'OB Baissier 1.500–1.500', 'OB Baissier 1.501–1.506', 'OB Baissier 1.499–1.503', 'OB Baissier 1.500–1.501', 'OB Baissier 1.500–1.501', 'OB Baissier 1.498–1.499', 'OB Baissier 1.501–1.503', 'OB Baissier 1.501–1.501', 'OB Baissier 1.500–1.502', 'OB Baissier 1.497–1.498', 'OB Baissier 1.498–1.499', 'OB Baissier 1.497–1.498', 'OB Baissier 1.499–1.503', 'OB Baissier 1.501–1.502', 'OB Baissier 1.498–1.499', 'OB Baissier 1.498–1.500', 'OB Baissier 1.499–1.500', 'OB Baissier 1.499–1.500']"
98,LONG,LOSS,-1.0,1.5005199999999999,1.4985199999999999,1.5045199999999999,200,2021-04-14 19:20:00,2021-04-14 20:50:00,18,New York,74.8,bullish,True,Top 1.503 vs préc. 1.500,155,1,10,False,True,London,1.5026000000000002,1.49918,"['OB Baissier 1.503–1.505', 'OB Baissier 1.503–1.504', 'OB Baissier 1.501–1.506', 'OB Baissier 1.503–1.506', 'OB Baissier 1.502–1.503', 'OB Baissier 1.502–1.505', 'OB Baissier 1.501–1.501', 'OB Baissier 1.501–1.503', 'OB Baissier 1.503–1.503', 'OB Baissier 1.501–1.502', 'OB Baissier 1.502–1.503', 'OB Baissier 1.503–1.504', 'OB Baissier 1.504–1.506', 'OB Baissier 1.501–1.502', 'OB Baissier 1.502–1.503', 'OB Baissier 1.503–1.504', 'OB Baissier 1.502–1.503', 'OB Baissier 1.502–1.503', 'OB Baissier 1.503–1.508', 'OB Baissier 1.504–1.505']"
99,LONG,LOSS,-1.0,1.50735,1.50535,1.51135,200,2021-04-21 19:00:00,2021-04-21 19:05:00,1,New York,72.4,bullish,True,Top 1.514 vs préc. 1.500,502,1,6,True,True,London,1.517,1.51138,"['OB Baissier 1.509–1.511', 'OB Baissier 1.510–1.511', 'OB Baissier 1.507–1.509', 'OB Baissier 1.509–1.509', 'OB Baissier 1.510–1.511', 'OB Baissier 1.508–1.509', 'OB Baissier 1.508–1.510', 'OB Baissier 1.511–1.513', 'OB Baissier 1.507–1.508', 'OB Baissier 1.507–1.509']"
100,LONG,LOSS,-1.0,1.50311,1.50111,1.50711,200,2021-04-22 19:40:00,2021-04-22 20:10:00,6,New York,59.4,bullish,False,Top 1.506 vs préc. 1.516,165,1,12,False,True,London,1.50562,1.5022600000000002,"['OB Baissier 1.505–1.507', 'OB Baissier 1.505–1.507', 'OB Baissier 1.506–1.507', 'OB Baissier 1.505–1.506', 'OB Baissier 1.506–1.507', 'OB Baissier 1.504–1.506', 'OB Baissier 1.505–1.506', 'OB Baissier 1.507–1.512', 'OB Baissier 1.504–1.505']"
101,LONG,LOSS,-1.0,1.50457,1.50257,1.50857,200,2021-04-26 15:40:00,2021-04-26 17:00:00,16,New York,58.7,bullish,True,Top 1.507 vs préc. 1.506,172,1,5,True,False,London,1.50929,1.50674,"['OB Baissier 1.505–1.507', 'OB Baissier 1.507–1.509', 'OB Baissier 1.506–1.507', 'OB Baissier 1.508–1.509', 'OB Baissier 1.505–1.506', 'OB Baissier 1.506–1.507', 'OB Baissier 1.508–1.510', 'OB Baissier 1.505–1.506', 'OB Baissier 1.507–1.508', 'OB Baissier 1.507–1.512', 'OB Baissier 1.507–1.509']"
102,SHORT,BE,0.0,1.48233,1.48433,1.47833,200,2021-05-03 14:00:00,2021-05-03 19:05:00,61,New York,31.4,bearish,True,Bot 1.478 vs préc. 1.490,219,1,17,True,False,London,1.4816799999999999,1.47752,"['OB Haussier 1.477–1.479', 'OB Haussier 1.481–1.482', 'OB Haussier 1.480–1.481', 'OB Haussier 1.479–1.480', 'OB Haussier 1.478–1.479', 'OB Haussier 1.480–1.481', 'OB Haussier 1.480–1.481', 'OB Haussier 1.481–1.482', 'OB Haussier 1.478–1.479', 'OB Haussier 1.482–1.482', 'OB Haussier 1.479–1.481', 'OB Haussier 1.479–1.480', 'OB Haussier 1.479–1.480', 'OB Haussier 1.480–1.481', 'OB Haussier 1.480–1.481', 'OB Haussier 1.478–1.479', 'OB Haussier 1.479–1.480', 'OB Haussier 1.479–1.480', 'OB Haussier 1.481–1.482', 'OB Haussier 1.481–1.482', 'OB Haussier 1.478–1.479', 'OB Haussier 1.478–1.478', 'OB Haussier 1.477–1.478']"
103,SHORT,WIN,2.0,1.47759,1.47959,1.47359,200,2021-05-07 17:35:00,2021-05-07 18:55:00,16,New York,26.6,bearish,True,Bot 1.474 vs préc. 1.478,166,1,6,True,False,London,1.47253,1.4672100000000001,"['OB Haussier 1.471–1.475', 'OB Haussier 1.473–1.474', 'OB Haussier 1.474–1.477', 'OB Haussier 1.474–1.477', 'OB Haussier 1.476–1.476', 'OB Haussier 1.475–1.476', 'OB Haussier 1.474–1.475', 'OB Haussier 1.475–1.475', 'OB Haussier 1.476–1.476', 'OB Haussier 1.476–1.477', 'OB Haussier 1.472–1.474', 'OB Haussier 1.474–1.476', 'OB Haussier 1.472–1.474', 'OB Haussier 1.474–1.476', 'OB Haussier 1.474–1.477', 'OB Haussier 1.473–1.474', 'OB Haussier 1.475–1.476', 'OB Haussier 1.473–1.474', 'OB Haussier 1.476–1.477', 'OB Haussier 1.476–1.477', 'OB Haussier 1.474–1.475', 'OB Haussier 1.475–1.476', 'OB Haussier 1.474–1.475', 'OB Haussier 1.474–1.475', 'OB Haussier 1.476–1.477']"
104,SHORT,LOSS,-1.0,1.46986,1.47186,1.46586,200,2021-05-07 12:10:00,2021-05-07 13:00:00,10,London,26.6,bearish,True,Bot 1.466 vs préc. 1.474,237,2,27,True,False,Tokyo,1.46915,1.46462,"['OB Haussier 1.467–1.468', 'OB Haussier 1.464–1.467', 'OB Haussier 1.468–1.469', 'OB Haussier 1.465–1.467', 'OB Haussier 1.468–1.469', 'OB Haussier 1.467–1.470', 'OB Haussier 1.464–1.466', 'OB Haussier 1.465–1.467', 'OB Haussier 1.468–1.469', 'OB Haussier 1.466–1.467', 'OB Haussier 1.465–1.467', 'OB Haussier 1.466–1.467', 'OB Haussier 1.467–1.467', 'OB Haussier 1.467–1.468', 'OB Haussier 1.466–1.467', 'OB Haussier 1.467–1.468', 'OB Haussier 1.467–1.468', 'OB Haussier 1.467–1.468', 'OB Haussier 1.468–1.470', 'OB Haussier 1.466–1.467', 'OB Haussier 1.463–1.466', 'OB Haussier 1.466–1.467', 'OB Haussier 1.466–1.468', 'OB Haussier 1.466–1.466', 'OB Haussier 1.466–1.467', 'OB Haussier 1.467–1.468', 'OB Haussier 1.466–1.468', 'OB Haussier 1.466–1.466', 'OB Haussier 1.468–1.468']"
105,SHORT,LOSS,-1.0,1.47274,1.47474,1.46874,200,2021-05-07 17:30:00,2021-05-07 17:35:00,1,New York,26.6,bearish,False,Bot 1.471 vs préc. 1.466,100,1,15,True,False,London,1.47253,1.4672100000000001,"['OB Haussier 1.469–1.471', 'OB Haussier 1.471–1.472', 'OB Haussier 1.472–1.473', 'OB Haussier 1.468–1.470', 'OB Haussier 1.470–1.471', 'OB Haussier 1.471–1.472', 'OB Haussier 1.470–1.471', 'OB Haussier 1.470–1.472', 'OB Haussier 1.468–1.470', 'OB Haussier 1.471–1.472', 'OB Haussier 1.467–1.470', 'OB Haussier 1.468–1.469', 'OB Haussier 1.470–1.472', 'OB Haussier 1.471–1.472', 'OB Haussier 1.470–1.471', 'OB Haussier 1.470–1.471', 'OB Haussier 1.471–1.473', 'OB Haussier 1.470–1.471', 'OB Haussier 1.471–1.472', 'OB Haussier 1.468–1.470', 'OB Haussier 1.471–1.472', 'OB Haussier 1.471–1.472', 'OB Haussier 1.471–1.472', 'OB Haussier 1.471–1.472']"
106,SHORT,WIN,2.0,1.47475,1.47675,1.47075,200,2021-05-11 18:10:00,2021-05-11 18:40:00,6,New York,32.1,bearish,False,Bot 1.471 vs préc. 1.471,192,1,5,True,False,London,1.47149,1.46781,"['OB Haussier 1.473–1.474', 'OB Haussier 1.471–1.472', 'OB Haussier 1.472–1.473', 'OB Haussier 1.474–1.475', 'OB Haussier 1.470–1.473', 'OB Haussier 1.470–1.471', 'OB Haussier 1.471–1.472', 'OB Haussier 1.470–1.472', 'OB Haussier 1.472–1.473', 'OB Haussier 1.471–1.472', 'OB Haussier 1.472–1.474', 'OB Haussier 1.470–1.472', 'OB Haussier 1.472–1.474', 'OB Haussier 1.472–1.474', 'OB Haussier 1.471–1.472', 'OB Haussier 1.472–1.473', 'OB Haussier 1.470–1.471', 'OB Haussier 1.470–1.471', 'OB Haussier 1.472–1.473', 'OB Haussier 1.471–1.473', 'OB Haussier 1.473–1.474', 'OB Haussier 1.470–1.471', 'OB Haussier 1.471–1.472', 'OB Haussier 1.471–1.472', 'OB Haussier 1.472–1.473', 'OB Haussier 1.471–1.472', 'OB Haussier 1.473–1.474', 'OB Haussier 1.471–1.472', 'OB Haussier 1.471–1.472', 'OB Haussier 1.472–1.473', 'OB Haussier 1.472–1.473']"
107,LONG,BE,0.0,1.47606,1.47406,1.48006,200,2021-05-19 21:55:00,2021-05-20 18:15:00,242,New York,58.8,bullish,True,Top 1.479 vs préc. 1.468,146,1,16,True,True,London,1.47767,1.47515,"['OB Baissier 1.477–1.478', 'OB Baissier 1.477–1.478', 'OB Baissier 1.479–1.480', 'OB Baissier 1.477–1.478', 'OB Baissier 1.476–1.477', 'OB Baissier 1.476–1.477', 'OB Baissier 1.480–1.482', 'OB Baissier 1.477–1.478', 'OB Baissier 1.478–1.479', 'OB Baissier 1.479–1.480', 'OB Baissier 1.478–1.478', 'OB Baissier 1.477–1.478', 'OB Baissier 1.477–1.479', 'OB Baissier 1.479–1.480', 'OB Baissier 1.478–1.478', 'OB Baissier 1.478–1.479', 'OB Baissier 1.477–1.478', 'OB Baissier 1.479–1.480']"
108,LONG,LOSS,-1.0,1.47552,1.47352,1.47952,200,2021-05-20 18:40:00,2021-05-20 19:15:00,7,New York,62.6,bullish,False,Top 1.479 vs préc. 1.479,241,1,8,False,True,London,1.47942,1.47442,"['OB Baissier 1.477–1.478', 'OB Baissier 1.477–1.478', 'OB Baissier 1.479–1.480', 'OB Baissier 1.477–1.478', 'OB Baissier 1.476–1.477', 'OB Baissier 1.476–1.477', 'OB Baissier 1.477–1.478', 'OB Baissier 1.476–1.477', 'OB Baissier 1.478–1.479', 'OB Baissier 1.479–1.480', 'OB Baissier 1.478–1.478', 'OB Baissier 1.477–1.478', 'OB Baissier 1.476–1.477', 'OB Baissier 1.477–1.479', 'OB Baissier 1.479–1.480', 'OB Baissier 1.478–1.478', 'OB Baissier 1.478–1.479', 'OB Baissier 1.477–1.478', 'OB Baissier 1.479–1.480']"
109,LONG,BE,0.0,1.4720900000000001,1.4700900000000001,1.4760900000000001,200,2021-05-27 18:10:00,2021-05-28 16:55:00,271,New York,68.0,bullish,True,Top 1.475 vs préc. 1.470,225,1,17,True,False,London,1.47858,1.476,"['OB Baissier 1.475–1.476', 'OB Baissier 1.473–1.475', 'OB Baissier 1.473–1.474', 'OB Baissier 1.474–1.476', 'OB Baissier 1.473–1.474', 'OB Baissier 1.474–1.475', 'OB Baissier 1.475–1.477', 'OB Baissier 1.473–1.474', 'OB Baissier 1.474–1.477', 'OB Baissier 1.474–1.476', 'OB Baissier 1.473–1.474', 'OB Baissier 1.476–1.477', 'OB Baissier 1.473–1.475', 'OB Baissier 1.475–1.476', 'OB Baissier 1.473–1.476', 'OB Baissier 1.474–1.475', 'OB Baissier 1.476–1.476', 'OB Baissier 1.475–1.476', 'OB Baissier 1.473–1.474', 'OB Baissier 1.474–1.475', 'OB Baissier 1.475–1.476', 'OB Baissier 1.475–1.476', 'OB Baissier 1.473–1.475', 'OB Baissier 1.474–1.475', 'OB Baissier 1.475–1.476', 'OB Baissier 1.474–1.475', 'OB Baissier 1.476–1.477', 'OB Baissier 1.473–1.475', 'OB Baissier 1.474–1.476', 'OB Baissier 1.475–1.475', 'OB Baissier 1.475–1.476', 'OB Baissier 1.473–1.473', 'OB Baissier 1.473–1.476']"
110,LONG,LOSS,-1.0,1.47461,1.47261,1.47861,200,2021-05-27 17:00:00,2021-05-27 18:10:00,14,New York,68.0,bullish,True,Top 1.478 vs préc. 1.475,175,1,11,True,False,London,1.47858,1.476,"['OB Baissier 1.475–1.476', 'OB Baissier 1.477–1.478', 'OB Baissier 1.477–1.478', 'OB Baissier 1.479–1.480', 'OB Baissier 1.477–1.478', 'OB Baissier 1.476–1.477', 'OB Baissier 1.476–1.477', 'OB Baissier 1.475–1.477', 'OB Baissier 1.477–1.478', 'OB Baissier 1.476–1.477', 'OB Baissier 1.475–1.476', 'OB Baissier 1.478–1.479', 'OB Baissier 1.476–1.476', 'OB Baissier 1.475–1.476', 'OB Baissier 1.475–1.476', 'OB Baissier 1.478–1.478', 'OB Baissier 1.477–1.478', 'OB Baissier 1.475–1.476', 'OB Baissier 1.476–1.477', 'OB Baissier 1.477–1.479', 'OB Baissier 1.475–1.475', 'OB Baissier 1.475–1.476', 'OB Baissier 1.478–1.478', 'OB Baissier 1.478–1.479', 'OB Baissier 1.477–1.478']"
111,LONG,LOSS,-1.0,1.4848,1.4828,1.4888,200,2021-07-08 20:40:00,2021-07-08 21:05:00,5,New York,64.3,bullish,True,Top 1.488 vs préc. 1.485,160,1,9,False,True,London,1.48571,1.47626,"['OB Baissier 1.488–1.489', 'OB Baissier 1.488–1.489', 'OB Baissier 1.487–1.490', 'OB Baissier 1.488–1.488', 'OB Baissier 1.485–1.486', 'OB Baissier 1.486–1.488', 'OB Baissier 1.485–1.486', 'OB Baissier 1.485–1.487', 'OB Baissier 1.486–1.488', 'OB Baissier 1.486–1.488', 'OB Baissier 1.487–1.487', 'OB Baissier 1.487–1.488', 'OB Baissier 1.486–1.488', 'OB Baissier 1.485–1.486', 'OB Baissier 1.488–1.490', 'OB Baissier 1.486–1.488', 'OB Baissier 1.488–1.490']"
112,SHORT,BE,0.0,1.48234,1.48434,1.47834,200,2021-07-15 05:40:00,2021-07-15 17:55:00,147,Tokyo,44.1,bearish,True,Bot 1.479 vs préc. 1.481,250,1,16,True,False,New York,1.48108,1.46963,"['OB Haussier 1.477–1.479', 'OB Haussier 1.481–1.482', 'OB Haussier 1.480–1.481', 'OB Haussier 1.479–1.480', 'OB Haussier 1.478–1.479', 'OB Haussier 1.480–1.481', 'OB Haussier 1.480–1.481', 'OB Haussier 1.481–1.482', 'OB Haussier 1.478–1.479', 'OB Haussier 1.482–1.482', 'OB Haussier 1.479–1.481', 'OB Haussier 1.479–1.480', 'OB Haussier 1.479–1.480', 'OB Haussier 1.480–1.481', 'OB Haussier 1.480–1.481', 'OB Haussier 1.478–1.479', 'OB Haussier 1.479–1.480', 'OB Haussier 1.479–1.480', 'OB Haussier 1.481–1.482', 'OB Haussier 1.481–1.482', 'OB Haussier 1.478–1.479', 'OB Haussier 1.478–1.478']"
113,SHORT,LOSS,-1.0,1.48174,1.48374,1.47774,200,2021-07-15 05:15:00,2021-07-15 07:55:00,32,Tokyo,44.1,bearish,True,Bot 1.477 vs préc. 1.479,234,1,9,True,False,New York,1.48108,1.46963,"['OB Haussier 1.477–1.479', 'OB Haussier 1.481–1.482', 'OB Haussier 1.477–1.478', 'OB Haussier 1.477–1.478', 'OB Haussier 1.480–1.481', 'OB Haussier 1.479–1.480', 'OB Haussier 1.478–1.479', 'OB Haussier 1.480–1.481', 'OB Haussier 1.480–1.481', 'OB Haussier 1.478–1.479', 'OB Haussier 1.479–1.481', 'OB Haussier 1.479–1.480', 'OB Haussier 1.479–1.480', 'OB Haussier 1.480–1.481', 'OB Haussier 1.480–1.481', 'OB Haussier 1.477–1.478', 'OB Haussier 1.478–1.479', 'OB Haussier 1.479–1.480', 'OB Haussier 1.479–1.480', 'OB Haussier 1.481–1.482', 'OB Haussier 1.478–1.479', 'OB Haussier 1.477–1.478', 'OB Haussier 1.478–1.478', 'OB Haussier 1.477–1.478']"
114,SHORT,LOSS,-1.0,1.48232,1.48432,1.47832,200,2021-07-15 17:55:00,2021-07-15 18:40:00,9,New York,44.1,bearish,False,Bot 1.480 vs préc. 1.477,158,1,4,False,True,London,1.48423,1.48119,"['OB Haussier 1.477–1.479', 'OB Haussier 1.481–1.482', 'OB Haussier 1.480–1.481', 'OB Haussier 1.479–1.480', 'OB Haussier 1.478–1.479', 'OB Haussier 1.480–1.481', 'OB Haussier 1.480–1.481', 'OB Haussier 1.481–1.482', 'OB Haussier 1.478–1.479', 'OB Haussier 1.482–1.482', 'OB Haussier 1.479–1.481', 'OB Haussier 1.479–1.480', 'OB Haussier 1.479–1.480', 'OB Haussier 1.480–1.481', 'OB Haussier 1.480–1.481', 'OB Haussier 1.478–1.479', 'OB Haussier 1.479–1.480', 'OB Haussier 1.479–1.480', 'OB Haussier 1.481–1.482', 'OB Haussier 1.481–1.482', 'OB Haussier 1.478–1.479', 'OB Haussier 1.478–1.478', 'OB Haussier 1.477–1.478']"
115,LONG,LOSS,-1.0,1.49552,1.49352,1.49952,200,2021-07-20 23:50:00,2021-07-21 00:15:00,5,New York,63.5,bullish,True,Top 1.502 vs préc. 1.496,455,1,3,True,False,London,1.50606,1.5032,"['OB Baissier 1.496–1.497', 'OB Baissier 1.497–1.498', 'OB Baissier 1.499–1.500', 'OB Baissier 1.498–1.498', 'OB Baissier 1.496–1.497', 'OB Baissier 1.499–1.503', 'OB Baissier 1.496–1.497', 'OB Baissier 1.498–1.499', 'OB Baissier 1.496–1.498', 'OB Baissier 1.497–1.498', 'OB Baissier 1.496–1.497', 'OB Baissier 1.498–1.499', 'OB Baissier 1.497–1.498', 'OB Baissier 1.499–1.503', 'OB Baissier 1.498–1.499', 'OB Baissier 1.496–1.498', 'OB Baissier 1.497–1.500', 'OB Baissier 1.496–1.497', 'OB Baissier 1.496–1.497', 'OB Baissier 1.498–1.500', 'OB Baissier 1.499–1.500', 'OB Baissier 1.499–1.500']"
116,LONG,WIN,2.0,1.48611,1.48411,1.49011,200,2021-08-04 12:35:00,2021-08-04 17:35:00,60,London,62.1,bullish,True,Top 1.489 vs préc. 1.486,159,1,15,True,True,Tokyo,1.48879,1.48633,"['OB Baissier 1.489–1.491', 'OB Baissier 1.488–1.489', 'OB Baissier 1.489–1.490', 'OB Baissier 1.489–1.490', 'OB Baissier 1.490–1.490', 'OB Baissier 1.488–1.489', 'OB Baissier 1.487–1.490', 'OB Baissier 1.488–1.488', 'OB Baissier 1.490–1.490', 'OB Baissier 1.489–1.491', 'OB Baissier 1.486–1.488', 'OB Baissier 1.490–1.490', 'OB Baissier 1.489–1.490', 'OB Baissier 1.486–1.488', 'OB Baissier 1.486–1.488', 'OB Baissier 1.490–1.490', 'OB Baissier 1.487–1.487', 'OB Baissier 1.490–1.490', 'OB Baissier 1.487–1.488', 'OB Baissier 1.490–1.491', 'OB Baissier 1.486–1.488', 'OB Baissier 1.489–1.491', 'OB Baissier 1.488–1.490', 'OB Baissier 1.490–1.491', 'OB Baissier 1.488–1.490']"
117,LONG,LOSS,-1.0,1.48568,1.4836799999999999,1.48968,200,2021-08-04 19:25:00,2021-08-05 07:10:00,139,New York,62.1,bullish,True,Top 1.491 vs préc. 1.489,165,1,6,False,True,London,1.48883,1.4847299999999999,"['OB Baissier 1.489–1.491', 'OB Baissier 1.488–1.489', 'OB Baissier 1.489–1.490', 'OB Baissier 1.489–1.490', 'OB Baissier 1.490–1.490', 'OB Baissier 1.488–1.489', 'OB Baissier 1.487–1.490', 'OB Baissier 1.488–1.488', 'OB Baissier 1.489–1.491', 'OB Baissier 1.486–1.488', 'OB Baissier 1.489–1.490', 'OB Baissier 1.486–1.488', 'OB Baissier 1.486–1.488', 'OB Baissier 1.487–1.487', 'OB Baissier 1.490–1.490', 'OB Baissier 1.487–1.488', 'OB Baissier 1.490–1.491', 'OB Baissier 1.486–1.488', 'OB Baissier 1.489–1.491', 'OB Baissier 1.488–1.490', 'OB Baissier 1.488–1.490']"
118,LONG,LOSS,-1.0,1.48096,1.47896,1.48496,200,2021-08-17 18:00:00,2021-08-17 19:25:00,17,New York,62.9,bullish,True,Top 1.485 vs préc. 1.478,215,1,13,True,False,London,1.48672,1.48096,"['OB Baissier 1.483–1.485', 'OB Baissier 1.484–1.486', 'OB Baissier 1.484–1.485', 'OB Baissier 1.483–1.484', 'OB Baissier 1.482–1.483', 'OB Baissier 1.482–1.482', 'OB Baissier 1.481–1.483', 'OB Baissier 1.483–1.487', 'OB Baissier 1.483–1.483', 'OB Baissier 1.485–1.486', 'OB Baissier 1.482–1.483', 'OB Baissier 1.483–1.484', 'OB Baissier 1.482–1.483', 'OB Baissier 1.483–1.483', 'OB Baissier 1.482–1.482', 'OB Baissier 1.482–1.482', 'OB Baissier 1.482–1.484', 'OB Baissier 1.482–1.483', 'OB Baissier 1.482–1.484', 'OB Baissier 1.482–1.484', 'OB Baissier 1.481–1.484', 'OB Baissier 1.482–1.482', 'OB Baissier 1.483–1.485', 'OB Baissier 1.484–1.485', 'OB Baissier 1.483–1.484', 'OB Baissier 1.483–1.484']"
119,LONG,LOSS,-1.0,1.49711,1.49511,1.50111,200,2021-08-23 06:05:00,2021-08-23 11:15:00,62,Tokyo,63.5,bullish,True,Top 1.501 vs préc. 1.489,332,1,8,True,False,New York,1.51146,1.49826,"['OB Baissier 1.500–1.503', 'OB Baissier 1.499–1.500', 'OB Baissier 1.498–1.498', 'OB Baissier 1.500–1.500', 'OB Baissier 1.501–1.506', 'OB Baissier 1.499–1.503', 'OB Baissier 1.500–1.501', 'OB Baissier 1.500–1.501', 'OB Baissier 1.498–1.499', 'OB Baissier 1.501–1.503', 'OB Baissier 1.501–1.501', 'OB Baissier 1.500–1.502', 'OB Baissier 1.498–1.499', 'OB Baissier 1.499–1.503', 'OB Baissier 1.501–1.502', 'OB Baissier 1.498–1.499', 'OB Baissier 1.498–1.500', 'OB Baissier 1.499–1.500', 'OB Baissier 1.499–1.500']"
120,LONG,LOSS,-1.0,1.5025300000000001,1.5005300000000001,1.5065300000000001,200,2021-08-20 18:45:00,2021-08-20 19:10:00,5,New York,73.8,bullish,True,Top 1.508 vs préc. 1.501,392,1,7,False,True,London,1.50945,1.50164,"['OB Baissier 1.505–1.507', 'OB Baissier 1.503–1.505', 'OB Baissier 1.503–1.504', 'OB Baissier 1.505–1.507', 'OB Baissier 1.503–1.506', 'OB Baissier 1.506–1.507', 'OB Baissier 1.503–1.503', 'OB Baissier 1.505–1.506', 'OB Baissier 1.506–1.507', 'OB Baissier 1.503–1.504', 'OB Baissier 1.504–1.506', 'OB Baissier 1.505–1.506', 'OB Baissier 1.503–1.504', 'OB Baissier 1.503–1.508', 'OB Baissier 1.504–1.505']"
121,LONG,WIN,2.0,1.49612,1.49412,1.50012,200,2021-09-08 19:00:00,2021-09-08 19:25:00,5,New York,60.5,bullish,True,Top 1.500 vs préc. 1.495,324,1,25,True,False,London,1.50205,1.49612,"['OB Baissier 1.497–1.498', 'OB Baissier 1.499–1.500', 'OB Baissier 1.498–1.498', 'OB Baissier 1.500–1.500', 'OB Baissier 1.499–1.503', 'OB Baissier 1.500–1.501', 'OB Baissier 1.500–1.501', 'OB Baissier 1.498–1.499', 'OB Baissier 1.500–1.502', 'OB Baissier 1.497–1.498', 'OB Baissier 1.496–1.497', 'OB Baissier 1.498–1.499', 'OB Baissier 1.497–1.498', 'OB Baissier 1.499–1.503', 'OB Baissier 1.498–1.499', 'OB Baissier 1.496–1.498', 'OB Baissier 1.497–1.500', 'OB Baissier 1.498–1.500', 'OB Baissier 1.499–1.500', 'OB Baissier 1.499–1.500']"
122,LONG,WIN,2.0,1.49674,1.49474,1.50074,200,2021-09-08 21:15:00,2021-09-09 05:10:00,93,New York,60.5,bullish,True,Top 1.501 vs préc. 1.500,186,1,12,True,True,London,1.50205,1.49612,"['OB Baissier 1.500–1.503', 'OB Baissier 1.499–1.500', 'OB Baissier 1.498–1.498', 'OB Baissier 1.500–1.500', 'OB Baissier 1.501–1.506', 'OB Baissier 1.499–1.503', 'OB Baissier 1.500–1.501', 'OB Baissier 1.500–1.501', 'OB Baissier 1.498–1.499', 'OB Baissier 1.501–1.503', 'OB Baissier 1.501–1.501', 'OB Baissier 1.500–1.502', 'OB Baissier 1.497–1.498', 'OB Baissier 1.498–1.499', 'OB Baissier 1.497–1.498', 'OB Baissier 1.499–1.503', 'OB Baissier 1.501–1.502', 'OB Baissier 1.498–1.499', 'OB Baissier 1.498–1.500', 'OB Baissier 1.499–1.500', 'OB Baissier 1.499–1.500']"
123,LONG,LOSS,-1.0,1.4934,1.4914,1.4974,200,2021-09-13 11:25:00,2021-09-13 18:10:00,81,London,63.1,bullish,True,Top 1.496 vs préc. 1.494,121,1,27,True,False,Tokyo,1.49895,1.4954,"['OB Baissier 1.496–1.497', 'OB Baissier 1.493–1.495', 'OB Baissier 1.497–1.498', 'OB Baissier 1.494–1.496', 'OB Baissier 1.494–1.498', 'OB Baissier 1.496–1.497', 'OB Baissier 1.494–1.495', 'OB Baissier 1.494–1.494', 'OB Baissier 1.496–1.497', 'OB Baissier 1.494–1.494', 'OB Baissier 1.496–1.498', 'OB Baissier 1.495–1.496', 'OB Baissier 1.495–1.496', 'OB Baissier 1.497–1.498', 'OB Baissier 1.496–1.497', 'OB Baissier 1.497–1.498', 'OB Baissier 1.495–1.496', 'OB Baissier 1.496–1.498', 'OB Baissier 1.494–1.495', 'OB Baissier 1.497–1.500', 'OB Baissier 1.494–1.497', 'OB Baissier 1.496–1.497', 'OB Baissier 1.495–1.496', 'OB Baissier 1.496–1.497', 'OB Baissier 1.494–1.495', 'OB Baissier 1.496–1.497', 'OB Baissier 1.496–1.497']"
124,LONG,LOSS,-1.0,1.4954399999999999,1.4934399999999999,1.4994399999999999,200,2021-09-13 08:20:00,2021-09-13 11:25:00,37,Tokyo,63.1,bullish,True,Top 1.497 vs préc. 1.496,154,1,19,False,True,New York,1.49611,1.48833,"['OB Baissier 1.496–1.497', 'OB Baissier 1.497–1.498', 'OB Baissier 1.499–1.500', 'OB Baissier 1.498–1.498', 'OB Baissier 1.496–1.497', 'OB Baissier 1.499–1.503', 'OB Baissier 1.496–1.497', 'OB Baissier 1.498–1.499', 'OB Baissier 1.496–1.498', 'OB Baissier 1.497–1.498', 'OB Baissier 1.496–1.497', 'OB Baissier 1.498–1.499', 'OB Baissier 1.497–1.498', 'OB Baissier 1.499–1.503', 'OB Baissier 1.498–1.499', 'OB Baissier 1.496–1.498', 'OB Baissier 1.497–1.500', 'OB Baissier 1.496–1.497', 'OB Baissier 1.496–1.497', 'OB Baissier 1.496–1.497', 'OB Baissier 1.496–1.497', 'OB Baissier 1.498–1.500', 'OB Baissier 1.499–1.500', 'OB Baissier 1.499–1.500']"
125,LONG,LOSS,-1.0,1.49177,1.48977,1.49577,200,2021-09-16 01:25:00,2021-09-16 12:05:00,126,Tokyo,59.5,bullish,False,Top 1.496 vs préc. 1.497,195,1,18,True,False,New York,1.5013999999999998,1.4917799999999999,"['OB Baissier 1.493–1.495', 'OB Baissier 1.494–1.496', 'OB Baissier 1.494–1.498', 'OB Baissier 1.493–1.494', 'OB Baissier 1.494–1.495', 'OB Baissier 1.492–1.494', 'OB Baissier 1.494–1.494', 'OB Baissier 1.493–1.495', 'OB Baissier 1.496–1.497', 'OB Baissier 1.492–1.492', 'OB Baissier 1.494–1.494', 'OB Baissier 1.495–1.496', 'OB Baissier 1.495–1.496', 'OB Baissier 1.493–1.495', 'OB Baissier 1.492–1.494', 'OB Baissier 1.493–1.495', 'OB Baissier 1.495–1.496', 'OB Baissier 1.494–1.495', 'OB Baissier 1.493–1.493', 'OB Baissier 1.494–1.497', 'OB Baissier 1.496–1.497', 'OB Baissier 1.493–1.494', 'OB Baissier 1.495–1.496', 'OB Baissier 1.496–1.497', 'OB Baissier 1.494–1.495', 'OB Baissier 1.496–1.497', 'OB Baissier 1.496–1.497', 'OB Baissier 1.493–1.494', 'OB Baissier 1.493–1.493', 'OB Baissier 1.492–1.493']"
126,LONG,BE,0.0,1.49011,1.48811,1.49411,200,2021-09-17 11:55:00,2021-09-17 18:00:00,73,London,60.2,bullish,False,Top 1.492 vs préc. 1.492,109,1,6,True,False,Tokyo,1.49286,1.49,"['OB Baissier 1.491–1.492', 'OB Baissier 1.490–1.492', 'OB Baissier 1.493–1.495', 'OB Baissier 1.493–1.494', 'OB Baissier 1.494–1.495', 'OB Baissier 1.491–1.492', 'OB Baissier 1.492–1.494', 'OB Baissier 1.494–1.494', 'OB Baissier 1.493–1.495', 'OB Baissier 1.491–1.492', 'OB Baissier 1.492–1.492', 'OB Baissier 1.494–1.494', 'OB Baissier 1.493–1.495', 'OB Baissier 1.492–1.494', 'OB Baissier 1.493–1.495', 'OB Baissier 1.494–1.495', 'OB Baissier 1.493–1.493', 'OB Baissier 1.493–1.494', 'OB Baissier 1.491–1.491', 'OB Baissier 1.491–1.492', 'OB Baissier 1.494–1.495', 'OB Baissier 1.493–1.494', 'OB Baissier 1.491–1.494', 'OB Baissier 1.493–1.493', 'OB Baissier 1.492–1.493']"
127,LONG,WIN,2.0,1.49423,1.49223,1.49823,200,2021-09-20 02:55:00,2021-09-20 03:50:00,11,Tokyo,66.9,bullish,True,Top 1.497 vs préc. 1.495,136,1,10,False,False,New York,1.4978799999999999,1.48845,"['OB Baissier 1.496–1.497', 'OB Baissier 1.497–1.498', 'OB Baissier 1.494–1.496', 'OB Baissier 1.498–1.498', 'OB Baissier 1.496–1.497', 'OB Baissier 1.496–1.497', 'OB Baissier 1.498–1.499', 'OB Baissier 1.496–1.498', 'OB Baissier 1.495–1.496', 'OB Baissier 1.495–1.496', 'OB Baissier 1.497–1.498', 'OB Baissier 1.496–1.497', 'OB Baissier 1.497–1.498', 'OB Baissier 1.495–1.496', 'OB Baissier 1.498–1.499', 'OB Baissier 1.496–1.498', 'OB Baissier 1.497–1.500', 'OB Baissier 1.494–1.497', 'OB Baissier 1.496–1.497', 'OB Baissier 1.495–1.496', 'OB Baissier 1.496–1.497', 'OB Baissier 1.496–1.497', 'OB Baissier 1.496–1.497', 'OB Baissier 1.498–1.500']"
128,LONG,WIN,2.0,1.5016,1.4996,1.5056,200,2021-09-20 18:40:00,2021-09-20 21:05:00,29,New York,66.9,bullish,True,Top 1.505 vs préc. 1.497,175,1,31,False,True,London,1.50122,1.49774,"['OB Baissier 1.505–1.507', 'OB Baissier 1.503–1.505', 'OB Baissier 1.503–1.504', 'OB Baissier 1.505–1.507', 'OB Baissier 1.503–1.506', 'OB Baissier 1.502–1.503', 'OB Baissier 1.502–1.505', 'OB Baissier 1.503–1.503', 'OB Baissier 1.505–1.506', 'OB Baissier 1.502–1.503', 'OB Baissier 1.503–1.504', 'OB Baissier 1.504–1.506', 'OB Baissier 1.505–1.506', 'OB Baissier 1.502–1.503', 'OB Baissier 1.503–1.504', 'OB Baissier 1.502–1.503', 'OB Baissier 1.502–1.503', 'OB Baissier 1.503–1.508', 'OB Baissier 1.504–1.505']"
129,SHORT,BE,0.0,1.4832,1.4852,1.4792,200,2021-09-28 19:15:00,2021-09-28 20:35:00,16,New York,28.5,bearish,True,Bot 1.480 vs préc. 1.484,282,1,9,True,False,London,1.47787,1.47359,"['OB Haussier 1.481–1.482', 'OB Haussier 1.481–1.482', 'OB Haussier 1.480–1.481', 'OB Haussier 1.479–1.480', 'OB Haussier 1.480–1.481', 'OB Haussier 1.480–1.481', 'OB Haussier 1.481–1.482', 'OB Haussier 1.482–1.482', 'OB Haussier 1.479–1.481', 'OB Haussier 1.479–1.480', 'OB Haussier 1.479–1.480', 'OB Haussier 1.480–1.481', 'OB Haussier 1.480–1.481', 'OB Haussier 1.481–1.482', 'OB Haussier 1.479–1.480', 'OB Haussier 1.479–1.480', 'OB Haussier 1.481–1.482', 'OB Haussier 1.481–1.482', 'OB Haussier 1.481–1.483']"
130,SHORT,WIN,2.0,1.46729,1.46929,1.46329,200,2021-10-04 16:05:00,2021-10-04 18:40:00,31,New York,24.7,bearish,True,Bot 1.465 vs préc. 1.471,146,1,7,True,False,London,1.46695,1.46285,"['OB Haussier 1.462–1.464', 'OB Haussier 1.463–1.465', 'OB Haussier 1.464–1.467', 'OB Haussier 1.465–1.467', 'OB Haussier 1.463–1.464', 'OB Haussier 1.463–1.465', 'OB Haussier 1.464–1.466', 'OB Haussier 1.465–1.467', 'OB Haussier 1.464–1.466', 'OB Haussier 1.463–1.464', 'OB Haussier 1.458–1.464', 'OB Haussier 1.463–1.466', 'OB Haussier 1.465–1.467', 'OB Haussier 1.463–1.464', 'OB Haussier 1.466–1.467', 'OB Haussier 1.466–1.467', 'OB Haussier 1.465–1.465', 'OB Haussier 1.463–1.464', 'OB Haussier 1.462–1.463', 'OB Haussier 1.466–1.467', 'OB Haussier 1.463–1.465', 'OB Haussier 1.462–1.464', 'OB Haussier 1.463–1.466', 'OB Haussier 1.463–1.464', 'OB Haussier 1.464–1.465', 'OB Haussier 1.463–1.464', 'OB Haussier 1.466–1.467', 'OB Haussier 1.466–1.466', 'OB Haussier 1.466–1.467', 'OB Haussier 1.462–1.463', 'OB Haussier 1.465–1.466', 'OB Haussier 1.464–1.465', 'OB Haussier 1.466–1.466', 'OB Haussier 1.464–1.465']"
131,SHORT,WIN,2.0,1.46123,1.46323,1.45723,200,2021-10-06 12:15:00,2021-10-06 17:15:00,60,London,20.6,bearish,True,Bot 1.458 vs préc. 1.463,190,1,8,True,False,Tokyo,1.46092,1.4580600000000001,"['OB Haussier 1.457–1.458', 'OB Haussier 1.458–1.460', 'OB Haussier 1.457–1.459', 'OB Haussier 1.456–1.457', 'OB Haussier 1.458–1.459', 'OB Haussier 1.456–1.458', 'OB Haussier 1.459–1.460', 'OB Haussier 1.458–1.459', 'OB Haussier 1.459–1.460', 'OB Haussier 1.460–1.461', 'OB Haussier 1.460–1.461', 'OB Haussier 1.459–1.460', 'OB Haussier 1.457–1.459', 'OB Haussier 1.458–1.459', 'OB Haussier 1.460–1.461']"
132,SHORT,WIN,2.0,1.43875,1.44075,1.43475,200,2021-10-21 21:55:00,2021-10-22 15:55:00,214,New York,43.7,bearish,True,Bot 1.436 vs préc. 1.436,161,1,16,True,True,London,1.43772,1.4344700000000001,"['OB Haussier 1.434–1.436', 'OB Haussier 1.434–1.435', 'OB Haussier 1.435–1.437', 'OB Haussier 1.435–1.438', 'OB Haussier 1.436–1.437', 'OB Haussier 1.437–1.438', 'OB Haussier 1.435–1.437', 'OB Haussier 1.433–1.437', 'OB Haussier 1.437–1.438', 'OB Haussier 1.435–1.437', 'OB Haussier 1.435–1.436', 'OB Haussier 1.438–1.438', 'OB Haussier 1.434–1.435', 'OB Haussier 1.438–1.439', 'OB Haussier 1.435–1.437', 'OB Haussier 1.437–1.438', 'OB Haussier 1.434–1.435']"
133,LONG,LOSS,-1.0,1.43934,1.43734,1.44334,200,2021-11-10 09:50:00,2021-11-10 10:30:00,8,London,58.9,bullish,True,Top 1.443 vs préc. 1.435,274,1,15,True,False,Tokyo,1.4429699999999999,1.44031,"['OB Baissier 1.443–1.443', 'OB Baissier 1.440–1.441', 'OB Baissier 1.441–1.443', 'OB Baissier 1.442–1.443', 'OB Baissier 1.443–1.444', 'OB Baissier 1.441–1.442', 'OB Baissier 1.442–1.444', 'OB Baissier 1.442–1.443', 'OB Baissier 1.443–1.445', 'OB Baissier 1.442–1.446', 'OB Baissier 1.442–1.443', 'OB Baissier 1.442–1.443', 'OB Baissier 1.440–1.440', 'OB Baissier 1.441–1.442', 'OB Baissier 1.440–1.441', 'OB Baissier 1.443–1.444', 'OB Baissier 1.442–1.445', 'OB Baissier 1.442–1.443', 'OB Baissier 1.442–1.443']"
134,SHORT,WIN,2.0,1.42522,1.42722,1.42122,200,2021-11-16 15:25:00,2021-11-16 22:55:00,90,New York,37.1,bearish,True,Bot 1.423 vs préc. 1.427,100,2,13,True,False,London,1.42466,1.42242,"['OB Haussier 1.422–1.424', 'OB Haussier 1.424–1.425', 'OB Haussier 1.420–1.423', 'OB Haussier 1.424–1.425', 'OB Haussier 1.422–1.425']"
135,LONG,BE,0.0,1.4411100000000001,1.4391100000000001,1.4451100000000001,200,2021-12-03 17:10:00,2021-12-03 18:30:00,16,New York,61.9,bullish,False,Top 1.450 vs préc. 1.453,520,1,12,True,False,London,1.45319,1.446,"['OB Baissier 1.443–1.443', 'OB Baissier 1.441–1.443', 'OB Baissier 1.442–1.443', 'OB Baissier 1.443–1.444', 'OB Baissier 1.444–1.445', 'OB Baissier 1.445–1.445', 'OB Baissier 1.445–1.446', 'OB Baissier 1.441–1.442', 'OB Baissier 1.442–1.444', 'OB Baissier 1.442–1.443', 'OB Baissier 1.444–1.445', 'OB Baissier 1.443–1.445', 'OB Baissier 1.442–1.446', 'OB Baissier 1.445–1.446', 'OB Baissier 1.442–1.443', 'OB Baissier 1.442–1.443', 'OB Baissier 1.443–1.444', 'OB Baissier 1.442–1.445', 'OB Baissier 1.442–1.443', 'OB Baissier 1.442–1.443']"
136,LONG,LOSS,-1.0,1.44903,1.44703,1.45303,200,2021-12-02 19:05:00,2021-12-02 20:20:00,15,New York,65.1,bullish,True,Top 1.453 vs préc. 1.449,130,1,18,False,True,London,1.45087,1.4455200000000001,"['OB Baissier 1.450–1.452', 'OB Baissier 1.449–1.450', 'OB Baissier 1.452–1.452', 'OB Baissier 1.449–1.450', 'OB Baissier 1.452–1.454', 'OB Baissier 1.450–1.452', 'OB Baissier 1.452–1.453', 'OB Baissier 1.449–1.452', 'OB Baissier 1.450–1.452', 'OB Baissier 1.449–1.450', 'OB Baissier 1.451–1.452', 'OB Baissier 1.453–1.455', 'OB Baissier 1.452–1.454', 'OB Baissier 1.450–1.452', 'OB Baissier 1.449–1.451']"
137,LONG,LOSS,-1.0,1.44162,1.43962,1.44562,200,2021-12-06 18:50:00,2021-12-06 22:20:00,42,New York,55.3,bullish,False,Top 1.450 vs préc. 1.451,545,1,5,True,False,London,1.44849,1.44468,"['OB Baissier 1.446–1.447', 'OB Baissier 1.443–1.443', 'OB Baissier 1.442–1.443', 'OB Baissier 1.443–1.444', 'OB Baissier 1.444–1.445', 'OB Baissier 1.445–1.445', 'OB Baissier 1.445–1.446', 'OB Baissier 1.442–1.444', 'OB Baissier 1.442–1.443', 'OB Baissier 1.444–1.445', 'OB Baissier 1.443–1.445', 'OB Baissier 1.442–1.446', 'OB Baissier 1.445–1.447', 'OB Baissier 1.445–1.446', 'OB Baissier 1.442–1.443', 'OB Baissier 1.442–1.443', 'OB Baissier 1.445–1.448', 'OB Baissier 1.445–1.446', 'OB Baissier 1.443–1.444', 'OB Baissier 1.442–1.445', 'OB Baissier 1.442–1.443', 'OB Baissier 1.442–1.443']"
138,LONG,LOSS,-1.0,1.43332,1.43132,1.43732,200,2021-12-10 13:45:00,2021-12-10 14:35:00,10,London,58.4,bullish,True,Top 1.435 vs préc. 1.432,105,1,6,True,False,Tokyo,1.43713,1.43427,"['OB Baissier 1.437–1.438', 'OB Baissier 1.437–1.438', 'OB Baissier 1.435–1.436', 'OB Baissier 1.437–1.439', 'OB Baissier 1.436–1.436', 'OB Baissier 1.437–1.438', 'OB Baissier 1.436–1.438', 'OB Baissier 1.436–1.440', 'OB Baissier 1.437–1.439', 'OB Baissier 1.436–1.437']"
139,LONG,WIN,2.0,1.4429,1.4409,1.4469,200,2021-12-16 14:30:00,2021-12-16 15:45:00,15,New York,67.0,bullish,True,Top 1.449 vs préc. 1.442,387,1,5,True,False,London,1.44977,1.44342,"['OB Baissier 1.446–1.447', 'OB Baissier 1.446–1.447', 'OB Baissier 1.447–1.450', 'OB Baissier 1.446–1.447', 'OB Baissier 1.446–1.447', 'OB Baissier 1.444–1.445', 'OB Baissier 1.445–1.445', 'OB Baissier 1.445–1.446', 'OB Baissier 1.446–1.448', 'OB Baissier 1.444–1.445', 'OB Baissier 1.443–1.445', 'OB Baissier 1.445–1.447', 'OB Baissier 1.445–1.446', 'OB Baissier 1.445–1.448', 'OB Baissier 1.446–1.448', 'OB Baissier 1.446–1.447', 'OB Baissier 1.445–1.446', 'OB Baissier 1.447–1.449', 'OB Baissier 1.446–1.447', 'OB Baissier 1.443–1.444']"
140,LONG,WIN,2.0,1.44744,1.44544,1.45144,200,2021-12-17 11:00:00,2021-12-17 15:30:00,54,London,71.8,bullish,True,Top 1.451 vs préc. 1.447,239,1,7,False,False,Tokyo,1.45231,1.44669,"['OB Baissier 1.450–1.452', 'OB Baissier 1.449–1.450', 'OB Baissier 1.449–1.450', 'OB Baissier 1.448–1.449', 'OB Baissier 1.450–1.452', 'OB Baissier 1.448–1.450', 'OB Baissier 1.449–1.452', 'OB Baissier 1.450–1.452', 'OB Baissier 1.449–1.450', 'OB Baissier 1.448–1.449', 'OB Baissier 1.447–1.448', 'OB Baissier 1.451–1.452', 'OB Baissier 1.450–1.452', 'OB Baissier 1.449–1.451']"
141,LONG,BE,0.0,1.45526,1.45326,1.45926,200,2021-12-22 01:10:00,2021-12-22 09:05:00,95,Tokyo,69.3,bullish,True,Top 1.460 vs préc. 1.452,246,1,28,True,False,New York,1.46062,1.45586,"['OB Baissier 1.459–1.461', 'OB Baissier 1.458–1.460', 'OB Baissier 1.456–1.458', 'OB Baissier 1.459–1.461', 'OB Baissier 1.456–1.459', 'OB Baissier 1.457–1.460', 'OB Baissier 1.455–1.457', 'OB Baissier 1.459–1.460', 'OB Baissier 1.459–1.460', 'OB Baissier 1.457–1.458', 'OB Baissier 1.458–1.459', 'OB Baissier 1.456–1.458', 'OB Baissier 1.458–1.460', 'OB Baissier 1.458–1.460', 'OB Baissier 1.459–1.460', 'OB Baissier 1.457–1.458']"
142,LONG,LOSS,-1.0,1.45743,1.45543,1.46143,200,2021-12-21 17:30:00,2021-12-22 01:10:00,90,New York,81.4,bullish,True,Top 1.462 vs préc. 1.460,337,1,21,True,False,London,1.46289,1.45743,"['OB Baissier 1.459–1.461', 'OB Baissier 1.458–1.460', 'OB Baissier 1.460–1.461', 'OB Baissier 1.459–1.461', 'OB Baissier 1.460–1.462', 'OB Baissier 1.460–1.461', 'OB Baissier 1.459–1.460', 'OB Baissier 1.460–1.460', 'OB Baissier 1.459–1.460', 'OB Baissier 1.458–1.459', 'OB Baissier 1.460–1.461', 'OB Baissier 1.460–1.461', 'OB Baissier 1.458–1.460', 'OB Baissier 1.458–1.460', 'OB Baissier 1.460–1.461', 'OB Baissier 1.459–1.460', 'OB Baissier 1.460–1.462', 'OB Baissier 1.461–1.462', 'OB Baissier 1.460–1.460', 'OB Baissier 1.457–1.458', 'OB Baissier 1.461–1.463']"
143,LONG,LOSS,-1.0,1.45395,1.45195,1.45795,200,2021-12-23 10:30:00,2021-12-23 11:10:00,8,London,55.8,bullish,False,Top 1.456 vs préc. 1.462,120,1,3,False,False,Tokyo,1.4574799999999999,1.4531800000000001,"['OB Baissier 1.454–1.456', 'OB Baissier 1.456–1.458', 'OB Baissier 1.455–1.456', 'OB Baissier 1.454–1.455', 'OB Baissier 1.456–1.459', 'OB Baissier 1.457–1.460', 'OB Baissier 1.455–1.457', 'OB Baissier 1.455–1.456', 'OB Baissier 1.454–1.456', 'OB Baissier 1.455–1.457', 'OB Baissier 1.457–1.458', 'OB Baissier 1.458–1.459', 'OB Baissier 1.456–1.458', 'OB Baissier 1.455–1.459', 'OB Baissier 1.457–1.458', 'OB Baissier 1.455–1.457', 'OB Baissier 1.455–1.456']"
144,SHORT,LOSS,-1.0,1.45209,1.45409,1.44809,200,2021-12-29 17:25:00,2021-12-29 17:45:00,4,New York,39.2,bearish,True,Bot 1.449 vs préc. 1.451,126,1,11,True,False,London,1.44988,1.44551,"['OB Haussier 1.450–1.450', 'OB Haussier 1.446–1.449', 'OB Haussier 1.449–1.451', 'OB Haussier 1.447–1.448', 'OB Haussier 1.448–1.449', 'OB Haussier 1.450–1.451', 'OB Haussier 1.448–1.450', 'OB Haussier 1.448–1.449', 'OB Haussier 1.448–1.449', 'OB Haussier 1.448–1.449', 'OB Haussier 1.450–1.452', 'OB Haussier 1.449–1.451', 'OB Haussier 1.448–1.450', 'OB Haussier 1.448–1.450', 'OB Haussier 1.450–1.451', 'OB Haussier 1.450–1.451', 'OB Haussier 1.451–1.451', 'OB Haussier 1.448–1.450']"
145,SHORT,LOSS,-1.0,1.44988,1.45188,1.44588,200,2021-12-29 14:30:00,2021-12-29 17:25:00,35,New York,39.2,bearish,True,Bot 1.447 vs préc. 1.449,223,1,12,True,False,London,1.44988,1.44551,"['OB Haussier 1.445–1.447', 'OB Haussier 1.446–1.449', 'OB Haussier 1.447–1.448', 'OB Haussier 1.446–1.447', 'OB Haussier 1.448–1.449', 'OB Haussier 1.446–1.446', 'OB Haussier 1.445–1.446', 'OB Haussier 1.448–1.449', 'OB Haussier 1.448–1.449', 'OB Haussier 1.448–1.449', 'OB Haussier 1.445–1.446', 'OB Haussier 1.446–1.447', 'OB Haussier 1.448–1.450', 'OB Haussier 1.448–1.450']"
146,SHORT,BE,0.0,1.44303,1.44503,1.43903,200,2022-01-03 16:20:00,2022-01-03 18:45:00,29,New York,28.2,bearish,True,Bot 1.440 vs préc. 1.444,157,1,6,True,False,London,1.4402599999999999,1.43608,"['OB Haussier 1.438–1.442', 'OB Haussier 1.439–1.440', 'OB Haussier 1.439–1.441', 'OB Haussier 1.439–1.439', 'OB Haussier 1.439–1.440', 'OB Haussier 1.439–1.440', 'OB Haussier 1.439–1.441', 'OB Haussier 1.441–1.442', 'OB Haussier 1.440–1.441', 'OB Haussier 1.442–1.443', 'OB Haussier 1.439–1.440', 'OB Haussier 1.440–1.440', 'OB Haussier 1.439–1.441', 'OB Haussier 1.439–1.440', 'OB Haussier 1.440–1.441', 'OB Haussier 1.439–1.441', 'OB Haussier 1.438–1.440']"
147,SHORT,BE,0.0,1.4397199999999999,1.44172,1.4357199999999999,200,2022-01-03 02:55:00,2022-01-03 12:50:00,119,Tokyo,28.2,bearish,True,Bot 1.437 vs préc. 1.440,98,1,32,False,False,New York,1.44291,1.43494,"['OB Haussier 1.434–1.436', 'OB Haussier 1.435–1.437', 'OB Haussier 1.435–1.438', 'OB Haussier 1.439–1.439', 'OB Haussier 1.436–1.437', 'OB Haussier 1.437–1.438', 'OB Haussier 1.435–1.437', 'OB Haussier 1.433–1.437', 'OB Haussier 1.437–1.438', 'OB Haussier 1.435–1.437', 'OB Haussier 1.435–1.436', 'OB Haussier 1.438–1.438', 'OB Haussier 1.439–1.440', 'OB Haussier 1.438–1.439', 'OB Haussier 1.435–1.437', 'OB Haussier 1.437–1.438', 'OB Haussier 1.439–1.440', 'OB Haussier 1.438–1.440']"
148,SHORT,BE,0.0,1.4407,1.4427,1.4367,200,2022-01-05 14:35:00,2022-01-05 17:15:00,32,New York,36.7,bearish,True,Bot 1.435 vs préc. 1.437,255,3,22,True,False,London,1.43863,1.43546,"['OB Haussier 1.439–1.440', 'OB Haussier 1.439–1.441', 'OB Haussier 1.435–1.437', 'OB Haussier 1.435–1.438', 'OB Haussier 1.439–1.439', 'OB Haussier 1.439–1.440', 'OB Haussier 1.439–1.440', 'OB Haussier 1.436–1.437', 'OB Haussier 1.437–1.438', 'OB Haussier 1.435–1.437', 'OB Haussier 1.433–1.437', 'OB Haussier 1.437–1.438', 'OB Haussier 1.439–1.441', 'OB Haussier 1.438–1.438', 'OB Haussier 1.439–1.440', 'OB Haussier 1.438–1.439', 'OB Haussier 1.440–1.440', 'OB Haussier 1.437–1.438', 'OB Haussier 1.439–1.440', 'OB Haussier 1.438–1.440']"
149,SHORT,BE,0.0,1.43241,1.43441,1.42841,200,2022-01-10 15:40:00,2022-01-10 17:55:00,27,New York,34.5,bearish,True,Bot 1.430 vs préc. 1.441,112,1,29,False,False,London,1.43368,1.42841,"['OB Haussier 1.429–1.430', 'OB Haussier 1.428–1.431', 'OB Haussier 1.429–1.431', 'OB Haussier 1.427–1.429', 'OB Haussier 1.429–1.429', 'OB Haussier 1.426–1.429', 'OB Haussier 1.429–1.430', 'OB Haussier 1.429–1.430', 'OB Haussier 1.428–1.430', 'OB Haussier 1.429–1.430', 'OB Haussier 1.431–1.432']"
150,SHORT,LOSS,-1.0,1.42224,1.42424,1.41824,200,2022-01-21 17:20:00,2022-01-21 18:20:00,12,New York,41.9,bearish,True,Bot 1.418 vs préc. 1.430,347,1,9,True,False,London,1.42171,1.4175499999999999,"['OB Haussier 1.418–1.419', 'OB Haussier 1.418–1.419', 'OB Haussier 1.418–1.419', 'OB Haussier 1.418–1.419']"
151,LONG,BE,0.0,1.44315,1.44115,1.44715,200,2022-02-21 16:55:00,2022-02-21 21:55:00,60,New York,55.4,bullish,False,Top 1.446 vs préc. 1.449,169,1,28,True,False,London,1.44984,1.4454500000000001,"['OB Baissier 1.446–1.447', 'OB Baissier 1.446–1.447', 'OB Baissier 1.447–1.450', 'OB Baissier 1.446–1.447', 'OB Baissier 1.446–1.447', 'OB Baissier 1.444–1.445', 'OB Baissier 1.445–1.445', 'OB Baissier 1.445–1.446', 'OB Baissier 1.447–1.449', 'OB Baissier 1.446–1.448', 'OB Baissier 1.444–1.445', 'OB Baissier 1.445–1.447', 'OB Baissier 1.445–1.446', 'OB Baissier 1.445–1.448', 'OB Baissier 1.446–1.448', 'OB Baissier 1.446–1.447', 'OB Baissier 1.445–1.446', 'OB Baissier 1.447–1.449', 'OB Baissier 1.446–1.447', 'OB Baissier 1.443–1.444']"
152,LONG,BE,0.0,1.44567,1.44367,1.44967,200,2022-02-21 11:55:00,2022-02-21 15:45:00,46,London,55.4,bullish,True,Top 1.448 vs préc. 1.446,140,1,23,False,True,Tokyo,1.44698,1.44298,"['OB Baissier 1.449–1.450', 'OB Baissier 1.446–1.447', 'OB Baissier 1.449–1.450', 'OB Baissier 1.448–1.449', 'OB Baissier 1.450–1.452', 'OB Baissier 1.447–1.450', 'OB Baissier 1.446–1.447', 'OB Baissier 1.448–1.450', 'OB Baissier 1.449–1.452', 'OB Baissier 1.449–1.450', 'OB Baissier 1.448–1.449', 'OB Baissier 1.446–1.447', 'OB Baissier 1.447–1.449', 'OB Baissier 1.447–1.448', 'OB Baissier 1.446–1.448', 'OB Baissier 1.446–1.447', 'OB Baissier 1.449–1.451', 'OB Baissier 1.447–1.449', 'OB Baissier 1.446–1.447']"
153,SHORT,BE,0.0,1.44615,1.44815,1.44215,200,2022-02-22 13:50:00,2022-02-22 21:35:00,93,London,43.6,bearish,True,Bot 1.443 vs préc. 1.443,217,1,17,True,True,Tokyo,1.44349,1.44051,"['OB Haussier 1.444–1.445', 'OB Haussier 1.441–1.444', 'OB Haussier 1.441–1.444', 'OB Haussier 1.442–1.444', 'OB Haussier 1.443–1.444', 'OB Haussier 1.442–1.443', 'OB Haussier 1.441–1.445', 'OB Haussier 1.443–1.444', 'OB Haussier 1.444–1.445', 'OB Haussier 1.444–1.444', 'OB Haussier 1.444–1.445', 'OB Haussier 1.443–1.444', 'OB Haussier 1.441–1.444', 'OB Haussier 1.442–1.443', 'OB Haussier 1.441–1.444', 'OB Haussier 1.444–1.445', 'OB Haussier 1.443–1.443']"
154,SHORT,WIN,2.0,1.43909,1.44109,1.43509,200,2022-02-24 10:00:00,2022-02-24 13:20:00,40,London,36.8,bearish,True,Bot 1.435 vs préc. 1.440,112,1,9,False,False,Tokyo,1.44073,1.4323299999999999,"['OB Haussier 1.434–1.436', 'OB Haussier 1.435–1.437', 'OB Haussier 1.435–1.438', 'OB Haussier 1.436–1.437', 'OB Haussier 1.437–1.438', 'OB Haussier 1.435–1.437', 'OB Haussier 1.433–1.437', 'OB Haussier 1.437–1.438', 'OB Haussier 1.435–1.437', 'OB Haussier 1.435–1.436', 'OB Haussier 1.438–1.438', 'OB Haussier 1.434–1.435', 'OB Haussier 1.438–1.439', 'OB Haussier 1.435–1.437', 'OB Haussier 1.437–1.438', 'OB Haussier 1.434–1.435']"
155,SHORT,WIN,2.0,1.40263,1.40463,1.39863,200,2022-03-03 17:25:00,2022-03-03 20:20:00,35,New York,14.1,bearish,True,Bot 1.400 vs préc. 1.417,125,2,18,True,False,London,1.40214,1.39666,"['OB Haussier 1.397–1.399', 'OB Haussier 1.401–1.402', 'OB Haussier 1.397–1.400', 'OB Haussier 1.396–1.400', 'OB Haussier 1.399–1.401', 'OB Haussier 1.399–1.401']"
156,SHORT,BE,0.0,1.40079,1.40279,1.39679,200,2022-03-08 17:10:00,2022-03-08 17:40:00,6,New York,26.7,bearish,True,Bot 1.394 vs préc. 1.400,355,1,5,True,False,London,1.40006,1.39163,"['OB Haussier 1.397–1.399', 'OB Haussier 1.397–1.400', 'OB Haussier 1.394–1.397', 'OB Haussier 1.396–1.400', 'OB Haussier 1.396–1.398']"
157,SHORT,WIN,2.0,1.39151,1.39351,1.38751,200,2022-03-07 17:20:00,2022-03-07 18:15:00,11,New York,11.3,bearish,True,Bot 1.386 vs préc. 1.394,292,1,10,True,True,London,1.38401,1.37632,"['OB Haussier 1.389–1.390', 'OB Haussier 1.388–1.389', 'OB Haussier 1.387–1.390', 'OB Haussier 1.387–1.389', 'OB Haussier 1.387–1.388', 'OB Haussier 1.386–1.389']"
158,SHORT,LOSS,-1.0,1.38293,1.38493,1.37893,200,2022-03-07 15:25:00,2022-03-07 15:30:00,1,New York,11.3,bearish,True,Bot 1.379 vs préc. 1.380,102,1,2,False,True,London,1.38401,1.37632,"['OB Haussier 1.379–1.380', 'OB Haussier 1.376–1.379', 'OB Haussier 1.378–1.380', 'OB Haussier 1.379–1.381', 'OB Haussier 1.381–1.383', 'OB Haussier 1.379–1.382']"
159,SHORT,LOSS,-1.0,1.39232,1.39432,1.38832,200,2022-03-14 02:10:00,2022-03-14 06:25:00,51,Tokyo,42.2,bearish,True,Bot 1.387 vs préc. 1.393,145,2,6,False,False,New York,1.4093,1.3858,"['OB Haussier 1.389–1.390', 'OB Haussier 1.391–1.392', 'OB Haussier 1.388–1.389', 'OB Haussier 1.387–1.390', 'OB Haussier 1.387–1.389', 'OB Haussier 1.387–1.388', 'OB Haussier 1.386–1.389']"
160,SHORT,WIN,2.0,1.38829,1.39029,1.38429,200,2022-03-22 12:55:00,2022-03-22 14:40:00,21,London,31.7,bearish,True,Bot 1.385 vs préc. 1.388,205,1,16,True,True,Tokyo,1.38829,1.38199,"['OB Haussier 1.386–1.387', 'OB Haussier 1.384–1.385']"
161,SHORT,LOSS,-1.0,1.37954,1.38154,1.37554,200,2022-03-28 19:05:00,2022-03-28 19:40:00,7,New York,25.9,bearish,True,Bot 1.373 vs préc. 1.383,495,1,7,True,False,London,1.3734,1.36735,"['OB Haussier 1.376–1.379', 'OB Haussier 1.377–1.377', 'OB Haussier 1.375–1.377', 'OB Haussier 1.378–1.379']"
162,SHORT,BE,0.0,1.37157,1.37357,1.36757,200,2022-03-28 13:45:00,2022-03-28 16:00:00,27,London,25.9,bearish,True,Bot 1.369 vs préc. 1.373,176,1,5,True,False,Tokyo,1.37157,1.3673,"['OB Haussier 1.368–1.369', 'OB Haussier 1.369–1.371', 'OB Haussier 1.368–1.369', 'OB Haussier 1.369–1.371', 'OB Haussier 1.365–1.368', 'OB Haussier 1.366–1.368', 'OB Haussier 1.369–1.371']"
163,LONG,BE,0.0,1.36685,1.36485,1.37085,200,2022-04-12 21:40:00,2022-04-13 05:40:00,94,New York,59.9,bullish,True,Top 1.369 vs préc. 1.364,190,1,18,True,True,London,1.37606,1.37267,"['OB Baissier 1.371–1.372', 'OB Baissier 1.370–1.373', 'OB Baissier 1.369–1.371', 'OB Baissier 1.371–1.372', 'OB Baissier 1.370–1.371', 'OB Baissier 1.367–1.369', 'OB Baissier 1.371–1.372', 'OB Baissier 1.368–1.369', 'OB Baissier 1.368–1.370']"
164,LONG,LOSS,-1.0,1.36839,1.36639,1.37239,200,2022-04-12 20:30:00,2022-04-12 22:15:00,21,New York,59.9,bullish,True,Top 1.371 vs préc. 1.369,191,1,26,True,True,London,1.37606,1.37267,"['OB Baissier 1.371–1.372', 'OB Baissier 1.370–1.373', 'OB Baissier 1.369–1.371', 'OB Baissier 1.371–1.372', 'OB Baissier 1.370–1.371', 'OB Baissier 1.371–1.373', 'OB Baissier 1.372–1.373', 'OB Baissier 1.371–1.372']"
165,LONG,LOSS,-1.0,1.37092,1.36892,1.37492,200,2022-04-12 18:20:00,2022-04-12 20:30:00,26,New York,59.9,bullish,True,Top 1.374 vs préc. 1.371,180,1,10,True,True,London,1.37606,1.37267,"['OB Baissier 1.374–1.376', 'OB Baissier 1.371–1.373', 'OB Baissier 1.372–1.373']"
166,LONG,BE,0.0,1.36304,1.36104,1.36704,200,2022-04-25 23:55:00,2022-04-26 08:40:00,103,New York,57.8,bullish,True,Top 1.369 vs préc. 1.363,371,1,13,True,False,London,1.37362,1.36541,"['OB Baissier 1.364–1.367', 'OB Baissier 1.366–1.368', 'OB Baissier 1.365–1.366', 'OB Baissier 1.367–1.369', 'OB Baissier 1.366–1.367', 'OB Baissier 1.365–1.367', 'OB Baissier 1.366–1.369', 'OB Baissier 1.366–1.369']"
167,SHORT,LOSS,-1.0,1.34666,1.34866,1.34266,200,2022-04-29 19:45:00,2022-04-29 19:50:00,1,New York,24.8,bearish,True,Bot 1.342 vs préc. 1.356,316,1,2,False,True,London,1.34927,1.34157,"['OB Haussier 1.342–1.343', 'OB Haussier 1.342–1.344', 'OB Haussier 1.345–1.346', 'OB Haussier 1.346–1.346', 'OB Haussier 1.342–1.343', 'OB Haussier 1.342–1.343', 'OB Haussier 1.343–1.344', 'OB Haussier 1.345–1.346']"
168,SHORT,LOSS,-1.0,1.355,1.357,1.351,200,2022-05-06 13:05:00,2022-05-06 15:10:00,25,London,37.9,bearish,False,Bot 1.352 vs préc. 1.342,132,1,19,True,True,Tokyo,1.3549,1.35102,"['OB Haussier 1.352–1.353', 'OB Haussier 1.353–1.353', 'OB Haussier 1.352–1.354', 'OB Haussier 1.348–1.352', 'OB Haussier 1.351–1.352', 'OB Haussier 1.352–1.355', 'OB Haussier 1.351–1.354', 'OB Haussier 1.349–1.352', 'OB Haussier 1.350–1.352', 'OB Haussier 1.352–1.354', 'OB Haussier 1.352–1.354']"
169,SHORT,WIN,2.0,1.35323,1.35523,1.34923,200,2022-05-06 00:10:00,2022-05-06 11:55:00,139,Tokyo,37.9,bearish,True,Bot 1.351 vs préc. 1.352,165,1,12,True,False,New York,1.3523800000000001,1.34595,"['OB Haussier 1.352–1.353', 'OB Haussier 1.348–1.352', 'OB Haussier 1.351–1.352', 'OB Haussier 1.349–1.352', 'OB Haussier 1.348–1.350', 'OB Haussier 1.350–1.352', 'OB Haussier 1.348–1.350']"
170,SHORT,LOSS,-1.0,1.35127,1.35327,1.34727,200,2022-05-17 16:35:00,2022-05-17 18:10:00,19,New York,33.9,bearish,True,Bot 1.346 vs préc. 1.353,446,1,20,True,False,London,1.34426,1.33917,"['OB Haussier 1.346–1.349', 'OB Haussier 1.344–1.347', 'OB Haussier 1.348–1.350', 'OB Haussier 1.347–1.349', 'OB Haussier 1.347–1.348', 'OB Haussier 1.348–1.350']"
171,LONG,BE,0.0,1.36925,1.36725,1.37325,200,2022-05-26 19:30:00,2022-05-26 21:40:00,26,New York,62.5,bullish,False,Top 1.373 vs préc. 1.379,228,1,14,False,True,London,1.37239,1.3686099999999999,"['OB Baissier 1.371–1.372', 'OB Baissier 1.370–1.373', 'OB Baissier 1.369–1.371', 'OB Baissier 1.371–1.372', 'OB Baissier 1.370–1.371', 'OB Baissier 1.371–1.373', 'OB Baissier 1.372–1.373', 'OB Baissier 1.371–1.372']"
172,SHORT,WIN,2.0,1.35183,1.35383,1.34783,200,2022-06-14 23:10:00,2022-06-15 00:30:00,16,New York,43.3,bearish,True,Bot 1.347 vs préc. 1.347,373,1,13,True,False,London,1.35286,1.34202,"['OB Haussier 1.346–1.349', 'OB Haussier 1.348–1.350', 'OB Haussier 1.347–1.349', 'OB Haussier 1.350–1.352', 'OB Haussier 1.347–1.348', 'OB Haussier 1.348–1.350']"
173,LONG,BE,0.0,1.36357,1.36157,1.36757,200,2022-06-21 02:10:00,2022-06-21 08:05:00,71,Tokyo,59.0,bullish,True,Top 1.366 vs préc. 1.365,119,2,20,True,False,New York,1.37028,1.36414,"['OB Baissier 1.364–1.367', 'OB Baissier 1.366–1.368', 'OB Baissier 1.365–1.366', 'OB Baissier 1.367–1.369', 'OB Baissier 1.366–1.367', 'OB Baissier 1.365–1.367', 'OB Baissier 1.366–1.369', 'OB Baissier 1.366–1.369']"
174,SHORT,WIN,2.0,1.35535,1.35735,1.35135,200,2022-06-29 14:50:00,2022-06-29 17:15:00,29,New York,35.6,bearish,True,Bot 1.353 vs préc. 1.354,184,1,6,True,False,London,1.35529,1.3508,"['OB Haussier 1.352–1.353', 'OB Haussier 1.353–1.353', 'OB Haussier 1.352–1.354', 'OB Haussier 1.348–1.352', 'OB Haussier 1.351–1.352', 'OB Haussier 1.352–1.355', 'OB Haussier 1.351–1.354', 'OB Haussier 1.349–1.352', 'OB Haussier 1.350–1.352', 'OB Haussier 1.352–1.354', 'OB Haussier 1.352–1.354']"
175,SHORT,LOSS,-1.0,1.34704,1.34904,1.34304,200,2022-06-30 19:40:00,2022-06-30 19:55:00,3,New York,26.2,bearish,True,Bot 1.344 vs préc. 1.353,200,1,10,False,True,London,1.35126,1.34686,"['OB Haussier 1.342–1.343', 'OB Haussier 1.342–1.344', 'OB Haussier 1.345–1.346', 'OB Haussier 1.346–1.346', 'OB Haussier 1.342–1.343', 'OB Haussier 1.344–1.347', 'OB Haussier 1.344–1.347', 'OB Haussier 1.342–1.343', 'OB Haussier 1.343–1.344', 'OB Haussier 1.345–1.346']"
176,SHORT,WIN,2.0,1.34462,1.34662,1.34062,200,2022-07-04 03:35:00,2022-07-04 13:00:00,113,Tokyo,33.3,bearish,True,Bot 1.343 vs préc. 1.343,136,1,13,False,False,New York,1.3525800000000001,1.34111,"['OB Haussier 1.339–1.342', 'OB Haussier 1.342–1.343', 'OB Haussier 1.342–1.344', 'OB Haussier 1.340–1.342', 'OB Haussier 1.342–1.343', 'OB Haussier 1.342–1.343', 'OB Haussier 1.343–1.344']"
177,SHORT,LOSS,-1.0,1.30598,1.30798,1.30198,200,2022-07-14 12:40:00,2022-07-14 13:40:00,12,London,27.5,bearish,True,Bot 1.302 vs préc. 1.315,205,3,1,True,True,Tokyo,1.30598,1.30131,"['OB Haussier 1.304–1.305', 'OB Haussier 1.297–1.305', 'OB Haussier 1.302–1.304', 'OB Haussier 1.302–1.304', 'OB Haussier 1.303–1.304', 'OB Haussier 1.301–1.303', 'OB Haussier 1.303–1.304', 'OB Haussier 1.300–1.303']"
178,LONG,WIN,2.0,1.31032,1.30832,1.31432,200,2022-07-20 22:25:00,2022-07-21 07:50:00,111,New York,61.2,bullish,True,Top 1.316 vs préc. 1.313,389,1,7,True,False,London,1.3213300000000001,1.3162,"['OB Baissier 1.314–1.316', 'OB Baissier 1.313–1.314', 'OB Baissier 1.314–1.315', 'OB Baissier 1.313–1.315', 'OB Baissier 1.313–1.315', 'OB Baissier 1.313–1.314', 'OB Baissier 1.313–1.317', 'OB Baissier 1.312–1.314', 'OB Baissier 1.314–1.316']"
179,LONG,WIN,2.0,1.31345,1.31145,1.31745,200,2022-07-20 15:35:00,2022-07-20 18:05:00,30,New York,61.2,bullish,True,Top 1.325 vs préc. 1.316,910,3,18,True,False,London,1.3213300000000001,1.3162,"['OB Baissier 1.316–1.318', 'OB Baissier 1.317–1.318', 'OB Baissier 1.314–1.316', 'OB Baissier 1.314–1.316', 'OB Baissier 1.314–1.315', 'OB Baissier 1.313–1.315', 'OB Baissier 1.313–1.315', 'OB Baissier 1.314–1.316']"
180,LONG,WIN,2.0,1.31149,1.30949,1.31549,200,2022-07-21 21:35:00,2022-07-22 01:15:00,44,New York,56.1,bullish,False,Top 1.314 vs préc. 1.317,167,1,9,True,True,London,1.31628,1.31357,"['OB Baissier 1.314–1.316', 'OB Baissier 1.313–1.314', 'OB Baissier 1.314–1.316', 'OB Baissier 1.314–1.315', 'OB Baissier 1.313–1.315', 'OB Baissier 1.313–1.315', 'OB Baissier 1.313–1.314', 'OB Baissier 1.313–1.317', 'OB Baissier 1.312–1.314', 'OB Baissier 1.314–1.316']"
181,LONG,WIN,2.0,1.31357,1.31157,1.31757,200,2022-07-21 18:25:00,2022-07-21 18:50:00,5,New York,56.1,bullish,True,Top 1.323 vs préc. 1.314,527,3,25,True,True,London,1.31628,1.31357,"['OB Baissier 1.316–1.318', 'OB Baissier 1.317–1.318', 'OB Baissier 1.314–1.316', 'OB Baissier 1.314–1.316', 'OB Baissier 1.314–1.315', 'OB Baissier 1.314–1.316']"
182,SHORT,LOSS,-1.0,1.30612,1.30812,1.30212,200,2022-07-27 22:40:00,2022-07-27 23:40:00,12,New York,42.9,bearish,True,Bot 1.303 vs préc. 1.307,127,1,14,True,True,London,1.30579,1.30258,"['OB Haussier 1.304–1.305', 'OB Haussier 1.297–1.305', 'OB Haussier 1.302–1.304', 'OB Haussier 1.302–1.304', 'OB Haussier 1.303–1.304', 'OB Haussier 1.301–1.303', 'OB Haussier 1.303–1.304', 'OB Haussier 1.300–1.303']"
183,LONG,BE,0.0,1.3069600000000001,1.3049600000000001,1.3109600000000001,200,2022-08-02 22:25:00,2022-08-03 11:40:00,156,New York,63.4,bullish,True,Top 1.312 vs préc. 1.309,341,1,15,True,False,London,1.32189,1.3148,"['OB Baissier 1.309–1.311', 'OB Baissier 1.309–1.311', 'OB Baissier 1.309–1.310']"
184,LONG,BE,0.0,1.3069600000000001,1.3049600000000001,1.3109600000000001,200,2022-08-02 22:25:00,2022-08-03 11:40:00,156,New York,63.4,bullish,True,Top 1.315 vs préc. 1.312,117,1,15,True,False,London,1.32189,1.3148,"['OB Baissier 1.309–1.311', 'OB Baissier 1.309–1.311', 'OB Baissier 1.309–1.310']"
185,SHORT,LOSS,-1.0,1.31102,1.31302,1.30702,200,2022-08-17 15:45:00,2022-08-17 18:20:00,31,New York,43.1,bearish,True,Bot 1.308 vs préc. 1.312,121,1,11,True,False,London,1.3109,1.3054000000000001,"['OB Haussier 1.309–1.311', 'OB Haussier 1.306–1.308', 'OB Haussier 1.307–1.308', 'OB Haussier 1.307–1.308', 'OB Haussier 1.307–1.308', 'OB Haussier 1.307–1.309']"
186,SHORT,BE,0.0,1.2949899999999999,1.2969899999999999,1.2909899999999999,200,2022-08-26 15:20:00,2022-08-26 17:35:00,27,New York,25.7,bearish,True,Bot 1.292 vs préc. 1.297,175,1,3,True,False,London,1.29371,1.28816,['OB Haussier 1.292–1.294']
187,LONG,WIN,2.0,1.30749,1.30549,1.31149,200,2022-08-31 13:55:00,2022-08-31 17:15:00,40,London,58.3,bullish,True,Top 1.311 vs préc. 1.307,115,1,12,True,False,Tokyo,1.3134000000000001,1.31003,"['OB Baissier 1.309–1.311', 'OB Baissier 1.309–1.311', 'OB Baissier 1.309–1.310']"
188,LONG,LOSS,-1.0,1.31016,1.30816,1.31416,200,2022-09-01 19:20:00,2022-09-01 19:45:00,5,New York,66.2,bullish,True,Top 1.315 vs préc. 1.311,139,1,14,True,True,London,1.32412,1.31766,"['OB Baissier 1.314–1.316', 'OB Baissier 1.313–1.314', 'OB Baissier 1.314–1.315', 'OB Baissier 1.313–1.315', 'OB Baissier 1.313–1.315', 'OB Baissier 1.313–1.314', 'OB Baissier 1.313–1.317', 'OB Baissier 1.312–1.314', 'OB Baissier 1.314–1.316']"
189,LONG,BE,0.0,1.31013,1.30813,1.31413,200,2022-09-02 19:20:00,2022-09-02 21:20:00,24,New York,60.3,bullish,False,Top 1.315 vs préc. 1.315,290,1,3,True,True,London,1.31417,1.30986,"['OB Baissier 1.314–1.316', 'OB Baissier 1.313–1.314', 'OB Baissier 1.314–1.315', 'OB Baissier 1.313–1.315', 'OB Baissier 1.313–1.315', 'OB Baissier 1.313–1.314', 'OB Baissier 1.313–1.317', 'OB Baissier 1.312–1.314']"
190,LONG,LOSS,-1.0,1.30003,1.29803,1.30403,200,2022-09-06 17:55:00,2022-09-06 18:30:00,7,New York,58.2,bullish,False,Top 1.305 vs préc. 1.315,153,1,16,True,False,London,1.30925,1.3044,"['OB Baissier 1.303–1.304', 'OB Baissier 1.302–1.304']"
191,LONG,BE,0.0,1.31381,1.31181,1.31781,200,2022-09-12 18:15:00,2022-09-12 20:55:00,32,New York,67.0,bullish,True,Top 1.321 vs préc. 1.313,711,1,34,True,False,London,1.32425,1.31295,"['OB Baissier 1.316–1.318', 'OB Baissier 1.317–1.318', 'OB Baissier 1.314–1.316', 'OB Baissier 1.314–1.316', 'OB Baissier 1.314–1.315', 'OB Baissier 1.318–1.320', 'OB Baissier 1.314–1.316']"
192,LONG,BE,0.0,1.3241800000000001,1.3221800000000001,1.3281800000000001,200,2022-09-21 11:40:00,2022-09-21 11:55:00,3,London,67.4,bullish,True,Top 1.331 vs préc. 1.330,139,1,20,True,False,Tokyo,1.33334,1.33091,"['OB Baissier 1.325–1.328', 'OB Baissier 1.325–1.327', 'OB Baissier 1.328–1.329']"
193,LONG,BE,0.0,1.33691,1.33491,1.34091,200,2022-10-03 18:00:00,2022-10-03 18:45:00,9,New York,60.7,bullish,True,Top 1.344 vs préc. 1.336,382,1,6,True,False,London,1.3511600000000001,1.34747,"['OB Baissier 1.340–1.341', 'OB Baissier 1.338–1.339', 'OB Baissier 1.341–1.344', 'OB Baissier 1.338–1.339', 'OB Baissier 1.339–1.342', 'OB Baissier 1.340–1.341']"
194,LONG,BE,0.0,1.34391,1.34191,1.34791,200,2022-10-03 14:45:00,2022-10-03 16:10:00,17,New York,60.7,bullish,True,Top 1.351 vs préc. 1.344,413,2,9,True,False,London,1.3511600000000001,1.34747,"['OB Baissier 1.345–1.347', 'OB Baissier 1.347–1.350', 'OB Baissier 1.346–1.347', 'OB Baissier 1.344–1.345', 'OB Baissier 1.344–1.346', 'OB Baissier 1.346–1.347']"
195,LONG,BE,0.0,1.34914,1.34714,1.35314,200,2022-10-03 09:00:00,2022-10-03 11:55:00,35,London,60.7,bullish,True,Top 1.354 vs préc. 1.351,113,2,29,True,False,Tokyo,1.35628,1.34925,"['OB Baissier 1.352–1.353', 'OB Baissier 1.350–1.351', 'OB Baissier 1.353–1.354', 'OB Baissier 1.351–1.352', 'OB Baissier 1.349–1.351', 'OB Baissier 1.351–1.353', 'OB Baissier 1.352–1.353', 'OB Baissier 1.350–1.351']"
196,LONG,BE,0.0,1.34822,1.34622,1.35222,200,2022-10-05 02:10:00,2022-10-05 14:30:00,148,Tokyo,61.9,bullish,True,Top 1.353 vs préc. 1.348,333,1,26,False,False,New York,1.35693,1.34367,"['OB Baissier 1.350–1.351', 'OB Baissier 1.349–1.350', 'OB Baissier 1.351–1.352', 'OB Baissier 1.349–1.351', 'OB Baissier 1.351–1.353', 'OB Baissier 1.348–1.351', 'OB Baissier 1.352–1.353', 'OB Baissier 1.350–1.351', 'OB Baissier 1.348–1.350']"
197,LONG,BE,0.0,1.34738,1.34538,1.35138,200,2022-10-06 17:10:00,2022-10-06 18:25:00,15,New York,60.1,bullish,False,Top 1.350 vs préc. 1.353,178,1,11,False,True,London,1.3502,1.34575,"['OB Baissier 1.350–1.351', 'OB Baissier 1.349–1.350', 'OB Baissier 1.351–1.352', 'OB Baissier 1.349–1.351', 'OB Baissier 1.351–1.353', 'OB Baissier 1.348–1.351', 'OB Baissier 1.350–1.351', 'OB Baissier 1.348–1.350']"
198,LONG,WIN,2.0,1.3502100000000001,1.3482100000000001,1.3542100000000001,200,2022-10-18 16:55:00,2022-10-18 19:50:00,35,New York,69.2,bullish,True,Top 1.354 vs préc. 1.352,203,2,9,False,True,London,1.35251,1.34691,"['OB Baissier 1.353–1.355', 'OB Baissier 1.352–1.353', 'OB Baissier 1.353–1.354', 'OB Baissier 1.351–1.352', 'OB Baissier 1.354–1.356', 'OB Baissier 1.351–1.353', 'OB Baissier 1.352–1.353']"
199,LONG,LOSS,-1.0,1.35249,1.35049,1.35649,200,2022-10-27 19:45:00,2022-10-27 20:35:00,10,New York,72.4,bullish,False,Top 1.355 vs préc. 1.356,146,1,17,True,True,London,1.36807,1.36425,"['OB Baissier 1.353–1.355', 'OB Baissier 1.354–1.357', 'OB Baissier 1.353–1.354', 'OB Baissier 1.356–1.358', 'OB Baissier 1.355–1.355', 'OB Baissier 1.354–1.356']"
200,LONG,WIN,2.0,1.35224,1.35024,1.3562400000000001,200,2022-10-28 15:30:00,2022-10-28 16:35:00,13,New York,62.2,bullish,False,Top 1.355 vs préc. 1.355,106,1,15,False,True,London,1.35535,1.35087,"['OB Baissier 1.353–1.355', 'OB Baissier 1.354–1.357', 'OB Baissier 1.353–1.354', 'OB Baissier 1.356–1.358', 'OB Baissier 1.355–1.355', 'OB Baissier 1.354–1.356']"
201,SHORT,LOSS,-1.0,1.34564,1.34764,1.34164,200,2022-11-07 10:05:00,2022-11-07 11:35:00,18,London,44.6,bearish,True,Bot 1.340 vs préc. 1.347,282,1,8,True,False,Tokyo,1.34535,1.34013,"['OB Haussier 1.339–1.342', 'OB Haussier 1.342–1.343', 'OB Haussier 1.342–1.344', 'OB Haussier 1.342–1.343', 'OB Haussier 1.342–1.343', 'OB Haussier 1.343–1.344']"
202,LONG,WIN,2.0,1.36889,1.36689,1.37289,200,2022-11-15 22:00:00,2022-11-15 22:20:00,4,New York,79.3,bullish,True,Top 1.374 vs préc. 1.370,164,1,2,True,True,London,1.38502,1.37272,"['OB Baissier 1.371–1.372', 'OB Baissier 1.370–1.373', 'OB Baissier 1.369–1.371', 'OB Baissier 1.371–1.372', 'OB Baissier 1.370–1.371', 'OB Baissier 1.371–1.373', 'OB Baissier 1.372–1.373', 'OB Baissier 1.371–1.372']"
203,LONG,BE,0.0,1.37272,1.37072,1.37672,200,2022-11-15 21:30:00,2022-11-15 21:50:00,4,New York,79.3,bullish,True,Top 1.378 vs préc. 1.374,442,1,6,True,True,London,1.38502,1.37272,"['OB Baissier 1.374–1.376', 'OB Baissier 1.375–1.377']"
204,LONG,LOSS,-1.0,1.37885,1.37685,1.38285,200,2022-11-15 18:50:00,2022-11-15 20:00:00,14,New York,79.3,bullish,True,Top 1.384 vs préc. 1.378,211,1,29,False,True,London,1.38502,1.37272,"['OB Baissier 1.381–1.383', 'OB Baissier 1.382–1.382']"
205,LONG,LOSS,-1.0,1.38086,1.37886,1.38486,200,2022-11-15 18:40:00,2022-11-15 18:50:00,2,New York,79.3,bullish,False,Top 1.384 vs préc. 1.384,104,1,27,False,True,London,1.38502,1.37272,"['OB Baissier 1.384–1.386', 'OB Baissier 1.382–1.382', 'OB Baissier 1.384–1.385', 'OB Baissier 1.385–1.387']"
206,LONG,WIN,2.0,1.37934,1.37734,1.38334,200,2022-11-17 18:20:00,2022-11-18 12:30:00,216,New York,87.4,bullish,True,Top 1.384 vs préc. 1.378,159,1,21,True,False,London,1.38609,1.38215,"['OB Baissier 1.381–1.383', 'OB Baissier 1.382–1.382']"
207,LONG,LOSS,-1.0,1.38133,1.37933,1.38533,200,2022-11-17 16:55:00,2022-11-17 18:20:00,17,New York,87.4,bullish,True,Top 1.384 vs préc. 1.384,135,1,27,True,False,London,1.38609,1.38215,"['OB Baissier 1.384–1.386', 'OB Baissier 1.382–1.382', 'OB Baissier 1.384–1.385', 'OB Baissier 1.385–1.387']"
208,LONG,BE,0.0,1.3752,1.3732,1.3792,200,2022-11-21 21:30:00,2022-11-22 14:45:00,205,New York,67.1,bullish,False,Top 1.381 vs préc. 1.384,427,1,21,True,True,London,1.37955,1.37382,"['OB Baissier 1.378–1.380', 'OB Baissier 1.378–1.379', 'OB Baissier 1.377–1.379']"
209,LONG,WIN,2.0,1.3865,1.3845,1.3905,200,2022-11-24 14:25:00,2022-11-24 16:40:00,27,New York,70.4,bullish,True,Top 1.390 vs préc. 1.380,102,1,15,True,False,London,1.39307,1.38712,"['OB Baissier 1.389–1.392', 'OB Baissier 1.387–1.388', 'OB Baissier 1.389–1.391', 'OB Baissier 1.390–1.391']"
210,LONG,WIN,2.0,1.38736,1.38536,1.39136,200,2022-11-24 13:35:00,2022-11-24 17:00:00,41,London,70.4,bullish,False,Top 1.389 vs préc. 1.390,114,2,18,True,True,Tokyo,1.39289,1.38736,"['OB Baissier 1.391–1.392', 'OB Baissier 1.389–1.392', 'OB Baissier 1.389–1.391', 'OB Baissier 1.391–1.393', 'OB Baissier 1.390–1.391']"
211,LONG,LOSS,-1.0,1.39892,1.39692,1.40292,200,2022-11-30 18:15:00,2022-11-30 18:55:00,8,New York,73.2,bullish,True,Top 1.403 vs préc. 1.399,195,1,15,True,False,London,1.40546,1.40133,"['OB Baissier 1.402–1.403', 'OB Baissier 1.400–1.401', 'OB Baissier 1.401–1.403', 'OB Baissier 1.401–1.403', 'OB Baissier 1.399–1.401', 'OB Baissier 1.400–1.401']"
212,LONG,WIN,2.0,1.43651,1.43451,1.44051,200,2022-12-09 15:35:00,2022-12-09 16:30:00,11,New York,80.9,bullish,True,Top 1.439 vs préc. 1.433,136,1,29,True,False,London,1.4415499999999999,1.43651,"['OB Baissier 1.437–1.439', 'OB Baissier 1.440–1.441', 'OB Baissier 1.437–1.438', 'OB Baissier 1.437–1.439', 'OB Baissier 1.439–1.441', 'OB Baissier 1.437–1.438', 'OB Baissier 1.439–1.440', 'OB Baissier 1.438–1.439', 'OB Baissier 1.437–1.438', 'OB Baissier 1.438–1.440', 'OB Baissier 1.438–1.441', 'OB Baissier 1.438–1.439', 'OB Baissier 1.439–1.441', 'OB Baissier 1.437–1.439', 'OB Baissier 1.437–1.440', 'OB Baissier 1.439–1.441', 'OB Baissier 1.438–1.440', 'OB Baissier 1.440–1.440', 'OB Baissier 1.437–1.438', 'OB Baissier 1.440–1.441', 'OB Baissier 1.437–1.439', 'OB Baissier 1.438–1.440']"
213,LONG,BE,0.0,1.4351,1.4331,1.4391,200,2022-12-12 22:50:00,2022-12-13 11:25:00,149,New York,76.0,bullish,True,Top 1.442 vs préc. 1.439,484,3,10,True,True,London,1.44346,1.43526,"['OB Baissier 1.437–1.439', 'OB Baissier 1.437–1.438', 'OB Baissier 1.437–1.439', 'OB Baissier 1.439–1.441', 'OB Baissier 1.437–1.438', 'OB Baissier 1.439–1.440', 'OB Baissier 1.438–1.439', 'OB Baissier 1.437–1.438', 'OB Baissier 1.438–1.440', 'OB Baissier 1.438–1.441', 'OB Baissier 1.438–1.439', 'OB Baissier 1.439–1.441', 'OB Baissier 1.437–1.439', 'OB Baissier 1.437–1.440', 'OB Baissier 1.439–1.441', 'OB Baissier 1.438–1.440', 'OB Baissier 1.436–1.436', 'OB Baissier 1.437–1.438', 'OB Baissier 1.436–1.438', 'OB Baissier 1.436–1.440', 'OB Baissier 1.437–1.439', 'OB Baissier 1.438–1.440', 'OB Baissier 1.436–1.437']"
214,LONG,WIN,2.0,1.43896,1.43696,1.44296,200,2022-12-14 11:25:00,2022-12-14 12:40:00,15,London,72.6,bullish,True,Top 1.442 vs préc. 1.441,171,2,3,True,False,Tokyo,1.4429699999999999,1.43896,"['OB Baissier 1.443–1.443', 'OB Baissier 1.440–1.441', 'OB Baissier 1.441–1.443', 'OB Baissier 1.442–1.443', 'OB Baissier 1.443–1.444', 'OB Baissier 1.441–1.442', 'OB Baissier 1.442–1.444', 'OB Baissier 1.442–1.443', 'OB Baissier 1.442–1.446', 'OB Baissier 1.442–1.443', 'OB Baissier 1.442–1.443', 'OB Baissier 1.440–1.440', 'OB Baissier 1.441–1.442', 'OB Baissier 1.440–1.441', 'OB Baissier 1.442–1.445', 'OB Baissier 1.442–1.443', 'OB Baissier 1.442–1.443']"
215,LONG,LOSS,-1.0,1.44958,1.44758,1.45358,200,2022-12-17 00:25:00,2022-12-19 04:15:00,44,Tokyo,70.2,bullish,False,Top 1.454 vs préc. 1.454,129,1,22,True,False,New York,1.45523,1.44958,"['OB Baissier 1.450–1.452', 'OB Baissier 1.453–1.454', 'OB Baissier 1.452–1.452', 'OB Baissier 1.452–1.454', 'OB Baissier 1.450–1.452', 'OB Baissier 1.452–1.453', 'OB Baissier 1.450–1.452', 'OB Baissier 1.451–1.452', 'OB Baissier 1.453–1.455', 'OB Baissier 1.452–1.454', 'OB Baissier 1.450–1.452']"
216,LONG,LOSS,-1.0,1.44978,1.44778,1.45378,200,2022-12-19 12:55:00,2022-12-19 13:35:00,8,London,55.7,bullish,False,Top 1.452 vs préc. 1.454,156,2,14,False,True,Tokyo,1.4512399999999999,1.44634,"['OB Baissier 1.450–1.452', 'OB Baissier 1.453–1.454', 'OB Baissier 1.452–1.452', 'OB Baissier 1.452–1.454', 'OB Baissier 1.452–1.453', 'OB Baissier 1.450–1.452', 'OB Baissier 1.451–1.452', 'OB Baissier 1.453–1.455', 'OB Baissier 1.452–1.454', 'OB Baissier 1.450–1.452']"
217,SHORT,WIN,2.0,1.44925,1.45125,1.44525,200,2022-12-21 16:25:00,2022-12-21 16:55:00,6,New York,38.0,bearish,True,Bot 1.445 vs préc. 1.451,238,2,19,True,False,London,1.44776,1.44352,"['OB Haussier 1.445–1.447', 'OB Haussier 1.446–1.449', 'OB Haussier 1.447–1.448', 'OB Haussier 1.446–1.447', 'OB Haussier 1.446–1.446', 'OB Haussier 1.444–1.445', 'OB Haussier 1.445–1.446', 'OB Haussier 1.448–1.449', 'OB Haussier 1.448–1.449', 'OB Haussier 1.448–1.449', 'OB Haussier 1.445–1.446', 'OB Haussier 1.446–1.447', 'OB Haussier 1.444–1.445']"
218,SHORT,LOSS,-1.0,1.44347,1.44547,1.43947,200,2022-12-28 19:05:00,2022-12-29 02:45:00,90,New York,31.0,bearish,True,Bot 1.436 vs préc. 1.443,606,1,24,True,True,London,1.44129,1.43661,"['OB Haussier 1.438–1.442', 'OB Haussier 1.439–1.440', 'OB Haussier 1.439–1.441', 'OB Haussier 1.439–1.439', 'OB Haussier 1.439–1.440', 'OB Haussier 1.442–1.443', 'OB Haussier 1.439–1.440', 'OB Haussier 1.439–1.441', 'OB Haussier 1.441–1.442', 'OB Haussier 1.440–1.441', 'OB Haussier 1.442–1.443', 'OB Haussier 1.439–1.440', 'OB Haussier 1.440–1.440', 'OB Haussier 1.439–1.441', 'OB Haussier 1.439–1.440', 'OB Haussier 1.440–1.441', 'OB Haussier 1.439–1.441', 'OB Haussier 1.443–1.443', 'OB Haussier 1.438–1.440']"
219,LONG,BE,0.0,1.44503,1.44303,1.44903,200,2023-01-02 10:25:00,2023-01-02 10:45:00,4,London,55.6,bullish,True,Top 1.449 vs préc. 1.448,271,1,13,True,False,Tokyo,1.4506700000000001,1.44503,"['OB Baissier 1.446–1.447', 'OB Baissier 1.446–1.447', 'OB Baissier 1.448–1.449', 'OB Baissier 1.447–1.450', 'OB Baissier 1.446–1.447', 'OB Baissier 1.448–1.450', 'OB Baissier 1.448–1.449', 'OB Baissier 1.446–1.447', 'OB Baissier 1.447–1.449', 'OB Baissier 1.446–1.448', 'OB Baissier 1.447–1.448', 'OB Baissier 1.445–1.447', 'OB Baissier 1.445–1.448', 'OB Baissier 1.446–1.448', 'OB Baissier 1.446–1.447', 'OB Baissier 1.445–1.446', 'OB Baissier 1.447–1.449', 'OB Baissier 1.446–1.447']"
220,SHORT,WIN,2.0,1.43268,1.43468,1.42868,200,2023-01-06 18:15:00,2023-01-06 19:05:00,10,New York,30.3,bearish,True,Bot 1.426 vs préc. 1.440,642,1,17,True,True,London,1.43261,1.42672,"['OB Haussier 1.429–1.430', 'OB Haussier 1.428–1.431', 'OB Haussier 1.429–1.431', 'OB Haussier 1.427–1.429', 'OB Haussier 1.429–1.429', 'OB Haussier 1.429–1.430', 'OB Haussier 1.432–1.433', 'OB Haussier 1.429–1.430', 'OB Haussier 1.428–1.430', 'OB Haussier 1.429–1.430', 'OB Haussier 1.431–1.432', 'OB Haussier 1.432–1.433']"
221,LONG,WIN,2.0,1.44133,1.43933,1.44533,200,2023-01-11 19:55:00,2023-01-12 02:50:00,81,New York,62.8,bullish,True,Top 1.445 vs préc. 1.436,139,3,7,False,True,London,1.44353,1.44056,"['OB Baissier 1.443–1.443', 'OB Baissier 1.441–1.443', 'OB Baissier 1.442–1.443', 'OB Baissier 1.443–1.444', 'OB Baissier 1.444–1.445', 'OB Baissier 1.445–1.445', 'OB Baissier 1.445–1.446', 'OB Baissier 1.442–1.444', 'OB Baissier 1.442–1.443', 'OB Baissier 1.444–1.445', 'OB Baissier 1.443–1.445', 'OB Baissier 1.442–1.446', 'OB Baissier 1.445–1.446', 'OB Baissier 1.442–1.443', 'OB Baissier 1.442–1.443', 'OB Baissier 1.445–1.446', 'OB Baissier 1.443–1.444', 'OB Baissier 1.442–1.445', 'OB Baissier 1.442–1.443', 'OB Baissier 1.442–1.443']"
222,LONG,LOSS,-1.0,1.44828,1.44628,1.45228,200,2023-01-13 10:50:00,2023-01-13 11:20:00,6,London,72.9,bullish,True,Top 1.451 vs préc. 1.445,114,1,25,True,False,Tokyo,1.45308,1.44822,"['OB Baissier 1.450–1.452', 'OB Baissier 1.449–1.450', 'OB Baissier 1.452–1.452', 'OB Baissier 1.449–1.450', 'OB Baissier 1.452–1.454', 'OB Baissier 1.450–1.452', 'OB Baissier 1.452–1.453', 'OB Baissier 1.448–1.450', 'OB Baissier 1.449–1.452', 'OB Baissier 1.450–1.452', 'OB Baissier 1.449–1.450', 'OB Baissier 1.451–1.452', 'OB Baissier 1.452–1.454', 'OB Baissier 1.450–1.452', 'OB Baissier 1.449–1.451']"
223,LONG,LOSS,-1.0,1.44803,1.44603,1.45203,200,2023-01-17 18:20:00,2023-01-17 18:40:00,4,New York,73.4,bullish,False,Top 1.451 vs préc. 1.451,148,1,7,True,True,London,1.45359,1.45074,"['OB Baissier 1.450–1.452', 'OB Baissier 1.449–1.450', 'OB Baissier 1.452–1.452', 'OB Baissier 1.449–1.450', 'OB Baissier 1.452–1.454', 'OB Baissier 1.450–1.452', 'OB Baissier 1.452–1.453', 'OB Baissier 1.448–1.450', 'OB Baissier 1.449–1.452', 'OB Baissier 1.450–1.452', 'OB Baissier 1.449–1.450', 'OB Baissier 1.451–1.452', 'OB Baissier 1.452–1.454', 'OB Baissier 1.450–1.452', 'OB Baissier 1.449–1.451']"
224,LONG,LOSS,-1.0,1.45412,1.45212,1.45812,200,2023-01-23 15:05:00,2023-01-23 16:05:00,12,New York,56.3,bullish,True,Top 1.457 vs préc. 1.453,110,1,28,True,False,London,1.46004,1.45412,"['OB Baissier 1.456–1.458', 'OB Baissier 1.455–1.456', 'OB Baissier 1.456–1.459', 'OB Baissier 1.457–1.460', 'OB Baissier 1.455–1.457', 'OB Baissier 1.455–1.456', 'OB Baissier 1.455–1.457', 'OB Baissier 1.457–1.458', 'OB Baissier 1.458–1.459', 'OB Baissier 1.456–1.458', 'OB Baissier 1.455–1.459', 'OB Baissier 1.457–1.458', 'OB Baissier 1.455–1.457', 'OB Baissier 1.455–1.456']"
225,LONG,BE,0.0,1.4526,1.4506,1.4566,200,2023-01-26 17:15:00,2023-01-26 18:35:00,16,New York,56.1,bullish,True,Top 1.461 vs préc. 1.457,385,1,10,True,False,London,1.46384,1.45911,"['OB Baissier 1.454–1.456', 'OB Baissier 1.453–1.454', 'OB Baissier 1.454–1.455', 'OB Baissier 1.456–1.458', 'OB Baissier 1.455–1.456', 'OB Baissier 1.454–1.455', 'OB Baissier 1.453–1.455', 'OB Baissier 1.456–1.459', 'OB Baissier 1.455–1.457', 'OB Baissier 1.455–1.456', 'OB Baissier 1.454–1.456', 'OB Baissier 1.455–1.457', 'OB Baissier 1.454–1.455', 'OB Baissier 1.456–1.458', 'OB Baissier 1.455–1.459', 'OB Baissier 1.455–1.457', 'OB Baissier 1.455–1.456']"
226,SHORT,LOSS,-1.0,1.443,1.445,1.439,200,2023-02-09 12:05:00,2023-02-09 17:45:00,68,London,42.2,bearish,True,Bot 1.441 vs préc. 1.442,134,1,12,True,False,Tokyo,1.44271,1.43914,"['OB Haussier 1.438–1.442', 'OB Haussier 1.439–1.440', 'OB Haussier 1.439–1.441', 'OB Haussier 1.439–1.439', 'OB Haussier 1.439–1.440', 'OB Haussier 1.439–1.440', 'OB Haussier 1.439–1.441', 'OB Haussier 1.441–1.442', 'OB Haussier 1.440–1.441', 'OB Haussier 1.442–1.443', 'OB Haussier 1.439–1.440', 'OB Haussier 1.440–1.440', 'OB Haussier 1.439–1.441', 'OB Haussier 1.439–1.440', 'OB Haussier 1.440–1.441', 'OB Haussier 1.439–1.441', 'OB Haussier 1.438–1.440']"
227,LONG,LOSS,-1.0,1.44221,1.44021,1.44621,200,2023-03-02 19:10:00,2023-03-02 22:55:00,45,New York,62.3,bullish,True,Top 1.446 vs préc. 1.443,169,1,7,True,False,London,1.4494500000000001,1.44534,"['OB Baissier 1.446–1.447', 'OB Baissier 1.446–1.447', 'OB Baissier 1.443–1.443', 'OB Baissier 1.446–1.447', 'OB Baissier 1.442–1.443', 'OB Baissier 1.443–1.444', 'OB Baissier 1.444–1.445', 'OB Baissier 1.445–1.445', 'OB Baissier 1.445–1.446', 'OB Baissier 1.442–1.444', 'OB Baissier 1.446–1.448', 'OB Baissier 1.444–1.445', 'OB Baissier 1.443–1.445', 'OB Baissier 1.445–1.447', 'OB Baissier 1.445–1.446', 'OB Baissier 1.445–1.448', 'OB Baissier 1.446–1.447', 'OB Baissier 1.445–1.446', 'OB Baissier 1.446–1.447', 'OB Baissier 1.443–1.444']"
228,LONG,LOSS,-1.0,1.44942,1.44742,1.45342,200,2023-03-02 01:05:00,2023-03-02 11:35:00,126,Tokyo,62.3,bullish,True,Top 1.453 vs préc. 1.446,169,2,11,True,False,New York,1.45502,1.44942,"['OB Baissier 1.450–1.452', 'OB Baissier 1.449–1.450', 'OB Baissier 1.453–1.454', 'OB Baissier 1.452–1.452', 'OB Baissier 1.452–1.454', 'OB Baissier 1.450–1.452', 'OB Baissier 1.452–1.453', 'OB Baissier 1.450–1.452', 'OB Baissier 1.451–1.452', 'OB Baissier 1.453–1.455', 'OB Baissier 1.452–1.454', 'OB Baissier 1.450–1.452', 'OB Baissier 1.449–1.451']"
229,LONG,BE,0.0,1.46312,1.46112,1.46712,200,2023-03-10 15:15:00,2023-03-10 16:25:00,14,New York,78.0,bullish,True,Top 1.465 vs préc. 1.461,173,1,8,True,False,London,1.46834,1.46365,"['OB Baissier 1.466–1.467', 'OB Baissier 1.466–1.467', 'OB Baissier 1.467–1.469', 'OB Baissier 1.466–1.468', 'OB Baissier 1.466–1.467', 'OB Baissier 1.464–1.465', 'OB Baissier 1.465–1.466', 'OB Baissier 1.465–1.466', 'OB Baissier 1.466–1.468', 'OB Baissier 1.465–1.467', 'OB Baissier 1.464–1.465', 'OB Baissier 1.464–1.466', 'OB Baissier 1.465–1.466', 'OB Baissier 1.467–1.468', 'OB Baissier 1.465–1.467', 'OB Baissier 1.465–1.466', 'OB Baissier 1.464–1.466', 'OB Baissier 1.465–1.466', 'OB Baissier 1.465–1.466', 'OB Baissier 1.465–1.466', 'OB Baissier 1.464–1.465']"
230,LONG,WIN,2.0,1.46281,1.46081,1.46681,200,2023-03-14 17:45:00,2023-03-14 18:45:00,12,New York,66.0,bullish,True,Top 1.470 vs préc. 1.465,324,1,7,True,True,London,1.47173,1.46415,"['OB Baissier 1.466–1.467', 'OB Baissier 1.466–1.467', 'OB Baissier 1.467–1.469', 'OB Baissier 1.466–1.468', 'OB Baissier 1.466–1.467', 'OB Baissier 1.464–1.465', 'OB Baissier 1.463–1.465', 'OB Baissier 1.465–1.466', 'OB Baissier 1.465–1.466', 'OB Baissier 1.466–1.468', 'OB Baissier 1.465–1.467', 'OB Baissier 1.464–1.465', 'OB Baissier 1.464–1.466', 'OB Baissier 1.465–1.466', 'OB Baissier 1.467–1.468', 'OB Baissier 1.465–1.467', 'OB Baissier 1.465–1.466', 'OB Baissier 1.464–1.466', 'OB Baissier 1.465–1.466', 'OB Baissier 1.465–1.466', 'OB Baissier 1.465–1.466', 'OB Baissier 1.464–1.465']"
231,LONG,LOSS,-1.0,1.47105,1.46905,1.47505,200,2023-03-13 03:55:00,2023-03-13 06:25:00,30,Tokyo,78.0,bullish,True,Top 1.473 vs préc. 1.470,200,1,25,False,True,New York,1.47598,1.46281,"['OB Baissier 1.472–1.473', 'OB Baissier 1.473–1.475', 'OB Baissier 1.473–1.474', 'OB Baissier 1.474–1.476', 'OB Baissier 1.473–1.474', 'OB Baissier 1.474–1.475', 'OB Baissier 1.475–1.477', 'OB Baissier 1.473–1.474', 'OB Baissier 1.474–1.477', 'OB Baissier 1.474–1.476', 'OB Baissier 1.473–1.474', 'OB Baissier 1.473–1.475', 'OB Baissier 1.473–1.476', 'OB Baissier 1.474–1.475', 'OB Baissier 1.473–1.474', 'OB Baissier 1.474–1.475', 'OB Baissier 1.475–1.476', 'OB Baissier 1.475–1.476', 'OB Baissier 1.473–1.475', 'OB Baissier 1.471–1.472', 'OB Baissier 1.474–1.475', 'OB Baissier 1.472–1.473', 'OB Baissier 1.474–1.475', 'OB Baissier 1.473–1.475', 'OB Baissier 1.474–1.476', 'OB Baissier 1.475–1.475', 'OB Baissier 1.473–1.473', 'OB Baissier 1.473–1.476']"
232,LONG,LOSS,-1.0,1.46695,1.46495,1.47095,200,2023-03-14 11:25:00,2023-03-14 11:40:00,3,London,66.0,bullish,True,Top 1.473 vs préc. 1.473,420,1,15,True,False,Tokyo,1.47444,1.46923,"['OB Baissier 1.467–1.469', 'OB Baissier 1.468–1.470', 'OB Baissier 1.470–1.471', 'OB Baissier 1.468–1.469', 'OB Baissier 1.469–1.470', 'OB Baissier 1.469–1.471', 'OB Baissier 1.470–1.471', 'OB Baissier 1.469–1.470', 'OB Baissier 1.469–1.469', 'OB Baissier 1.469–1.469', 'OB Baissier 1.468–1.470', 'OB Baissier 1.469–1.470', 'OB Baissier 1.470–1.471', 'OB Baissier 1.468–1.470', 'OB Baissier 1.470–1.470', 'OB Baissier 1.470–1.472', 'OB Baissier 1.468–1.469', 'OB Baissier 1.471–1.472', 'OB Baissier 1.468–1.469', 'OB Baissier 1.468–1.469', 'OB Baissier 1.470–1.471', 'OB Baissier 1.470–1.471', 'OB Baissier 1.471–1.472', 'OB Baissier 1.468–1.469', 'OB Baissier 1.467–1.468', 'OB Baissier 1.468–1.470']"
233,LONG,LOSS,-1.0,1.46415,1.46215,1.46815,200,2023-03-14 17:35:00,2023-03-14 17:50:00,3,New York,66.0,bullish,False,Top 1.470 vs préc. 1.473,346,1,3,True,True,London,1.47173,1.46415,"['OB Baissier 1.467–1.469', 'OB Baissier 1.468–1.469', 'OB Baissier 1.466–1.467', 'OB Baissier 1.466–1.467', 'OB Baissier 1.467–1.469', 'OB Baissier 1.466–1.468', 'OB Baissier 1.466–1.467', 'OB Baissier 1.468–1.470', 'OB Baissier 1.465–1.466', 'OB Baissier 1.465–1.466', 'OB Baissier 1.466–1.468', 'OB Baissier 1.465–1.467', 'OB Baissier 1.468–1.469', 'OB Baissier 1.468–1.469', 'OB Baissier 1.465–1.466', 'OB Baissier 1.467–1.468', 'OB Baissier 1.468–1.469', 'OB Baissier 1.465–1.467', 'OB Baissier 1.465–1.466', 'OB Baissier 1.468–1.469', 'OB Baissier 1.467–1.468', 'OB Baissier 1.465–1.466', 'OB Baissier 1.465–1.466', 'OB Baissier 1.465–1.466', 'OB Baissier 1.464–1.465']"
234,LONG,BE,0.0,1.48102,1.47902,1.48502,200,2023-03-24 12:25:00,2023-03-24 13:35:00,14,London,63.1,bullish,True,Top 1.488 vs préc. 1.478,420,1,3,True,False,Tokyo,1.48699,1.4843600000000001,"['OB Baissier 1.483–1.485', 'OB Baissier 1.484–1.486', 'OB Baissier 1.484–1.485', 'OB Baissier 1.483–1.484', 'OB Baissier 1.482–1.483', 'OB Baissier 1.482–1.482', 'OB Baissier 1.481–1.483', 'OB Baissier 1.483–1.487', 'OB Baissier 1.483–1.483', 'OB Baissier 1.485–1.486', 'OB Baissier 1.482–1.483', 'OB Baissier 1.483–1.484', 'OB Baissier 1.482–1.483', 'OB Baissier 1.483–1.483', 'OB Baissier 1.482–1.482', 'OB Baissier 1.482–1.482', 'OB Baissier 1.482–1.484', 'OB Baissier 1.482–1.483', 'OB Baissier 1.482–1.484', 'OB Baissier 1.482–1.484', 'OB Baissier 1.481–1.484', 'OB Baissier 1.482–1.482', 'OB Baissier 1.483–1.485', 'OB Baissier 1.484–1.485', 'OB Baissier 1.483–1.484', 'OB Baissier 1.483–1.484']"
235,LONG,LOSS,-1.0,1.48994,1.48794,1.49394,200,2023-03-23 12:05:00,2023-03-23 14:05:00,24,London,78.3,bullish,True,Top 1.492 vs préc. 1.488,141,2,2,False,True,Tokyo,1.49258,1.4889999999999999,"['OB Baissier 1.491–1.492', 'OB Baissier 1.490–1.492', 'OB Baissier 1.493–1.495', 'OB Baissier 1.493–1.494', 'OB Baissier 1.491–1.492', 'OB Baissier 1.492–1.494', 'OB Baissier 1.494–1.494', 'OB Baissier 1.493–1.495', 'OB Baissier 1.491–1.492', 'OB Baissier 1.492–1.492', 'OB Baissier 1.494–1.494', 'OB Baissier 1.493–1.495', 'OB Baissier 1.492–1.494', 'OB Baissier 1.493–1.495', 'OB Baissier 1.493–1.493', 'OB Baissier 1.493–1.494', 'OB Baissier 1.491–1.491', 'OB Baissier 1.491–1.492', 'OB Baissier 1.493–1.494', 'OB Baissier 1.491–1.494', 'OB Baissier 1.493–1.493', 'OB Baissier 1.492–1.493']"
236,LONG,LOSS,-1.0,1.47443,1.47243,1.47843,200,2023-03-28 21:40:00,2023-03-29 12:00:00,170,New York,57.9,bullish,False,Top 1.480 vs préc. 1.492,261,1,37,False,True,London,1.47954,1.4734,"['OB Baissier 1.475–1.476', 'OB Baissier 1.477–1.478', 'OB Baissier 1.477–1.478', 'OB Baissier 1.477–1.478', 'OB Baissier 1.476–1.477', 'OB Baissier 1.474–1.476', 'OB Baissier 1.476–1.477', 'OB Baissier 1.475–1.477', 'OB Baissier 1.477–1.478', 'OB Baissier 1.476–1.477', 'OB Baissier 1.475–1.476', 'OB Baissier 1.478–1.479', 'OB Baissier 1.476–1.476', 'OB Baissier 1.475–1.476', 'OB Baissier 1.475–1.476', 'OB Baissier 1.475–1.476', 'OB Baissier 1.478–1.478', 'OB Baissier 1.477–1.478', 'OB Baissier 1.475–1.476', 'OB Baissier 1.476–1.477', 'OB Baissier 1.477–1.479', 'OB Baissier 1.475–1.475', 'OB Baissier 1.475–1.476', 'OB Baissier 1.478–1.478', 'OB Baissier 1.478–1.479', 'OB Baissier 1.477–1.478']"
237,SHORT,LOSS,-1.0,1.47472,1.47672,1.47072,200,2023-03-30 17:25:00,2023-03-30 17:40:00,3,New York,44.1,bearish,True,Bot 1.472 vs préc. 1.475,175,1,18,True,False,London,1.47255,1.46678,"['OB Haussier 1.473–1.474', 'OB Haussier 1.471–1.472', 'OB Haussier 1.472–1.473', 'OB Haussier 1.474–1.475', 'OB Haussier 1.470–1.473', 'OB Haussier 1.470–1.471', 'OB Haussier 1.471–1.472', 'OB Haussier 1.470–1.471', 'OB Haussier 1.470–1.472', 'OB Haussier 1.472–1.473', 'OB Haussier 1.471–1.472', 'OB Haussier 1.472–1.474', 'OB Haussier 1.470–1.472', 'OB Haussier 1.472–1.474', 'OB Haussier 1.472–1.474', 'OB Haussier 1.471–1.472', 'OB Haussier 1.472–1.473', 'OB Haussier 1.470–1.471', 'OB Haussier 1.470–1.471', 'OB Haussier 1.472–1.473', 'OB Haussier 1.471–1.473', 'OB Haussier 1.473–1.474', 'OB Haussier 1.470–1.471', 'OB Haussier 1.471–1.472', 'OB Haussier 1.471–1.472', 'OB Haussier 1.472–1.473', 'OB Haussier 1.471–1.472', 'OB Haussier 1.473–1.474', 'OB Haussier 1.471–1.472', 'OB Haussier 1.471–1.472', 'OB Haussier 1.472–1.473', 'OB Haussier 1.472–1.473']"
238,SHORT,LOSS,-1.0,1.4708999999999999,1.4728999999999999,1.4668999999999999,200,2023-03-30 13:10:00,2023-03-30 15:35:00,29,London,44.1,bearish,True,Bot 1.469 vs préc. 1.472,105,2,7,False,True,Tokyo,1.47131,1.46903,"['OB Haussier 1.467–1.468', 'OB Haussier 1.469–1.471', 'OB Haussier 1.468–1.469', 'OB Haussier 1.468–1.469', 'OB Haussier 1.468–1.470', 'OB Haussier 1.470–1.471', 'OB Haussier 1.468–1.470', 'OB Haussier 1.467–1.470', 'OB Haussier 1.468–1.469', 'OB Haussier 1.466–1.467', 'OB Haussier 1.467–1.467', 'OB Haussier 1.467–1.468', 'OB Haussier 1.466–1.467', 'OB Haussier 1.467–1.468', 'OB Haussier 1.470–1.471', 'OB Haussier 1.467–1.468', 'OB Haussier 1.467–1.468', 'OB Haussier 1.468–1.470', 'OB Haussier 1.466–1.467', 'OB Haussier 1.466–1.468', 'OB Haussier 1.466–1.467', 'OB Haussier 1.467–1.468', 'OB Haussier 1.466–1.468', 'OB Haussier 1.468–1.468']"
239,SHORT,LOSS,-1.0,1.46987,1.47187,1.46587,200,2023-04-04 19:15:00,2023-04-04 19:30:00,3,New York,42.7,bearish,True,Bot 1.466 vs préc. 1.471,250,1,6,True,False,London,1.46799,1.46217,"['OB Haussier 1.467–1.468', 'OB Haussier 1.464–1.467', 'OB Haussier 1.468–1.469', 'OB Haussier 1.465–1.467', 'OB Haussier 1.468–1.469', 'OB Haussier 1.467–1.470', 'OB Haussier 1.464–1.466', 'OB Haussier 1.465–1.467', 'OB Haussier 1.468–1.469', 'OB Haussier 1.466–1.467', 'OB Haussier 1.465–1.467', 'OB Haussier 1.466–1.467', 'OB Haussier 1.467–1.467', 'OB Haussier 1.467–1.468', 'OB Haussier 1.466–1.467', 'OB Haussier 1.467–1.468', 'OB Haussier 1.467–1.468', 'OB Haussier 1.467–1.468', 'OB Haussier 1.468–1.470', 'OB Haussier 1.466–1.467', 'OB Haussier 1.463–1.466', 'OB Haussier 1.466–1.467', 'OB Haussier 1.466–1.468', 'OB Haussier 1.466–1.466', 'OB Haussier 1.466–1.467', 'OB Haussier 1.467–1.468', 'OB Haussier 1.466–1.468', 'OB Haussier 1.466–1.466', 'OB Haussier 1.468–1.468']"
240,SHORT,BE,0.0,1.46421,1.46621,1.46021,200,2023-04-03 15:20:00,2023-04-03 17:20:00,24,New York,32.6,bearish,True,Bot 1.459 vs préc. 1.463,299,1,17,True,False,London,1.4638,1.45852,"['OB Haussier 1.460–1.463', 'OB Haussier 1.462–1.464', 'OB Haussier 1.462–1.463', 'OB Haussier 1.463–1.464', 'OB Haussier 1.461–1.462', 'OB Haussier 1.462–1.463', 'OB Haussier 1.463–1.464', 'OB Haussier 1.461–1.462', 'OB Haussier 1.458–1.464', 'OB Haussier 1.462–1.463', 'OB Haussier 1.463–1.464', 'OB Haussier 1.463–1.464', 'OB Haussier 1.459–1.460', 'OB Haussier 1.462–1.463', 'OB Haussier 1.462–1.464', 'OB Haussier 1.460–1.461', 'OB Haussier 1.460–1.461', 'OB Haussier 1.460–1.461', 'OB Haussier 1.461–1.462', 'OB Haussier 1.461–1.463', 'OB Haussier 1.461–1.462', 'OB Haussier 1.460–1.461', 'OB Haussier 1.462–1.463']"
241,LONG,LOSS,-1.0,1.47203,1.47003,1.47603,200,2023-04-14 17:10:00,2023-04-14 17:35:00,5,New York,57.0,bullish,True,Top 1.477 vs préc. 1.473,366,1,8,True,False,London,1.47542,1.4731,"['OB Baissier 1.475–1.476', 'OB Baissier 1.473–1.475', 'OB Baissier 1.473–1.474', 'OB Baissier 1.474–1.476', 'OB Baissier 1.473–1.474', 'OB Baissier 1.474–1.475', 'OB Baissier 1.475–1.477', 'OB Baissier 1.473–1.474', 'OB Baissier 1.474–1.477', 'OB Baissier 1.474–1.476', 'OB Baissier 1.473–1.474', 'OB Baissier 1.476–1.477', 'OB Baissier 1.473–1.475', 'OB Baissier 1.475–1.476', 'OB Baissier 1.473–1.476', 'OB Baissier 1.474–1.475', 'OB Baissier 1.476–1.476', 'OB Baissier 1.475–1.476', 'OB Baissier 1.473–1.474', 'OB Baissier 1.474–1.475', 'OB Baissier 1.475–1.476', 'OB Baissier 1.475–1.476', 'OB Baissier 1.473–1.475', 'OB Baissier 1.474–1.475', 'OB Baissier 1.475–1.476', 'OB Baissier 1.474–1.475', 'OB Baissier 1.473–1.475', 'OB Baissier 1.474–1.476', 'OB Baissier 1.475–1.475', 'OB Baissier 1.475–1.476', 'OB Baissier 1.473–1.473', 'OB Baissier 1.473–1.476']"
242,LONG,WIN,2.0,1.49652,1.49452,1.50052,200,2023-04-28 17:45:00,2023-04-28 18:05:00,4,New York,65.6,bullish,True,Top 1.501 vs préc. 1.485,352,2,5,True,False,London,1.50313,1.49723,"['OB Baissier 1.497–1.498', 'OB Baissier 1.500–1.503', 'OB Baissier 1.499–1.500', 'OB Baissier 1.498–1.498', 'OB Baissier 1.500–1.500', 'OB Baissier 1.499–1.503', 'OB Baissier 1.500–1.501', 'OB Baissier 1.500–1.501', 'OB Baissier 1.498–1.499', 'OB Baissier 1.501–1.503', 'OB Baissier 1.500–1.502', 'OB Baissier 1.497–1.498', 'OB Baissier 1.498–1.499', 'OB Baissier 1.497–1.498', 'OB Baissier 1.499–1.503', 'OB Baissier 1.498–1.499', 'OB Baissier 1.498–1.500', 'OB Baissier 1.499–1.500', 'OB Baissier 1.499–1.500']"
243,LONG,BE,0.0,1.5034399999999999,1.5014399999999999,1.50744,200,2023-04-26 20:15:00,2023-04-27 16:20:00,239,New York,77.2,bullish,True,Top 1.509 vs préc. 1.505,341,1,14,False,True,London,1.50435,1.49652,"['OB Baissier 1.505–1.507', 'OB Baissier 1.505–1.507', 'OB Baissier 1.506–1.507', 'OB Baissier 1.505–1.506', 'OB Baissier 1.506–1.507', 'OB Baissier 1.504–1.506', 'OB Baissier 1.505–1.506', 'OB Baissier 1.507–1.508', 'OB Baissier 1.507–1.512', 'OB Baissier 1.507–1.509', 'OB Baissier 1.504–1.505']"
244,LONG,LOSS,-1.0,1.50193,1.49993,1.50593,200,2023-04-27 17:30:00,2023-04-27 17:55:00,5,New York,77.2,bullish,False,Top 1.505 vs préc. 1.509,135,1,4,True,False,London,1.50711,1.50496,"['OB Baissier 1.505–1.507', 'OB Baissier 1.503–1.505', 'OB Baissier 1.503–1.504', 'OB Baissier 1.505–1.507', 'OB Baissier 1.503–1.506', 'OB Baissier 1.502–1.503', 'OB Baissier 1.502–1.505', 'OB Baissier 1.506–1.507', 'OB Baissier 1.503–1.503', 'OB Baissier 1.505–1.506', 'OB Baissier 1.506–1.507', 'OB Baissier 1.503–1.504', 'OB Baissier 1.504–1.506', 'OB Baissier 1.505–1.506', 'OB Baissier 1.503–1.504', 'OB Baissier 1.502–1.503', 'OB Baissier 1.503–1.508', 'OB Baissier 1.504–1.505']"
245,LONG,LOSS,-1.0,1.49003,1.48803,1.49403,200,2023-05-01 19:05:00,2023-05-01 19:25:00,4,New York,57.8,bullish,False,Top 1.493 vs préc. 1.505,237,1,4,True,True,London,1.49243,1.49003,"['OB Baissier 1.491–1.492', 'OB Baissier 1.490–1.492', 'OB Baissier 1.493–1.495', 'OB Baissier 1.493–1.494', 'OB Baissier 1.491–1.492', 'OB Baissier 1.492–1.494', 'OB Baissier 1.494–1.494', 'OB Baissier 1.493–1.495', 'OB Baissier 1.491–1.492', 'OB Baissier 1.492–1.492', 'OB Baissier 1.494–1.494', 'OB Baissier 1.493–1.495', 'OB Baissier 1.492–1.494', 'OB Baissier 1.493–1.495', 'OB Baissier 1.493–1.493', 'OB Baissier 1.493–1.494', 'OB Baissier 1.491–1.491', 'OB Baissier 1.491–1.492', 'OB Baissier 1.493–1.494', 'OB Baissier 1.491–1.494', 'OB Baissier 1.493–1.493', 'OB Baissier 1.492–1.493']"
246,LONG,BE,0.0,1.5044300000000002,1.5024300000000002,1.5084300000000002,200,2023-05-04 12:40:00,2023-05-04 17:15:00,55,London,62.6,bullish,True,Top 1.508 vs préc. 1.496,182,1,7,False,False,Tokyo,1.5098500000000001,1.50217,"['OB Baissier 1.505–1.507', 'OB Baissier 1.507–1.509', 'OB Baissier 1.505–1.507', 'OB Baissier 1.506–1.507', 'OB Baissier 1.508–1.509', 'OB Baissier 1.505–1.506', 'OB Baissier 1.506–1.507', 'OB Baissier 1.505–1.506', 'OB Baissier 1.507–1.508', 'OB Baissier 1.507–1.512', 'OB Baissier 1.507–1.509']"
247,LONG,LOSS,-1.0,1.50347,1.50147,1.50747,200,2023-05-04 17:15:00,2023-05-04 17:25:00,2,New York,62.6,bullish,False,Top 1.506 vs préc. 1.508,133,1,1,True,False,London,1.50815,1.5028299999999999,"['OB Baissier 1.505–1.507', 'OB Baissier 1.505–1.507', 'OB Baissier 1.506–1.507', 'OB Baissier 1.505–1.506', 'OB Baissier 1.506–1.507', 'OB Baissier 1.504–1.506', 'OB Baissier 1.505–1.506', 'OB Baissier 1.507–1.508', 'OB Baissier 1.507–1.512', 'OB Baissier 1.507–1.509', 'OB Baissier 1.504–1.505']"
248,SHORT,LOSS,-1.0,1.4689999999999999,1.4709999999999999,1.4649999999999999,200,2023-05-11 17:30:00,2023-05-11 19:10:00,20,New York,36.2,bearish,True,Bot 1.466 vs préc. 1.472,217,1,20,True,True,London,1.46906,1.46465,"['OB Haussier 1.467–1.468', 'OB Haussier 1.464–1.467', 'OB Haussier 1.468–1.469', 'OB Haussier 1.465–1.467', 'OB Haussier 1.468–1.469', 'OB Haussier 1.463–1.465', 'OB Haussier 1.464–1.466', 'OB Haussier 1.465–1.467', 'OB Haussier 1.464–1.466', 'OB Haussier 1.466–1.467', 'OB Haussier 1.463–1.466', 'OB Haussier 1.465–1.467', 'OB Haussier 1.466–1.467', 'OB Haussier 1.467–1.467', 'OB Haussier 1.467–1.468', 'OB Haussier 1.466–1.467', 'OB Haussier 1.465–1.465', 'OB Haussier 1.467–1.468', 'OB Haussier 1.467–1.468', 'OB Haussier 1.467–1.468', 'OB Haussier 1.466–1.467', 'OB Haussier 1.463–1.466', 'OB Haussier 1.466–1.467', 'OB Haussier 1.466–1.468', 'OB Haussier 1.466–1.466', 'OB Haussier 1.466–1.467', 'OB Haussier 1.467–1.468', 'OB Haussier 1.465–1.466', 'OB Haussier 1.466–1.468', 'OB Haussier 1.464–1.465', 'OB Haussier 1.466–1.466', 'OB Haussier 1.468–1.468', 'OB Haussier 1.464–1.465']"
249,SHORT,WIN,2.0,1.4675,1.4695,1.4635,200,2023-05-16 14:45:00,2023-05-16 17:25:00,32,New York,29.4,bearish,True,Bot 1.465 vs préc. 1.469,126,1,11,True,False,London,1.46642,1.46502,"['OB Haussier 1.462–1.464', 'OB Haussier 1.463–1.465', 'OB Haussier 1.464–1.467', 'OB Haussier 1.465–1.467', 'OB Haussier 1.463–1.464', 'OB Haussier 1.463–1.465', 'OB Haussier 1.464–1.466', 'OB Haussier 1.465–1.467', 'OB Haussier 1.464–1.466', 'OB Haussier 1.466–1.467', 'OB Haussier 1.463–1.464', 'OB Haussier 1.458–1.464', 'OB Haussier 1.463–1.466', 'OB Haussier 1.465–1.467', 'OB Haussier 1.463–1.464', 'OB Haussier 1.466–1.467', 'OB Haussier 1.467–1.467', 'OB Haussier 1.466–1.467', 'OB Haussier 1.465–1.465', 'OB Haussier 1.463–1.464', 'OB Haussier 1.466–1.467', 'OB Haussier 1.463–1.465', 'OB Haussier 1.462–1.464', 'OB Haussier 1.463–1.466', 'OB Haussier 1.463–1.464', 'OB Haussier 1.464–1.465', 'OB Haussier 1.463–1.464', 'OB Haussier 1.466–1.467', 'OB Haussier 1.466–1.466', 'OB Haussier 1.466–1.467', 'OB Haussier 1.465–1.466', 'OB Haussier 1.464–1.465', 'OB Haussier 1.466–1.466', 'OB Haussier 1.464–1.465']"
250,SHORT,WIN,2.0,1.4601600000000001,1.4621600000000001,1.4561600000000001,200,2023-05-23 12:50:00,2023-05-23 17:25:00,55,London,39.1,bearish,True,Bot 1.458 vs préc. 1.462,115,1,23,False,True,Tokyo,1.4614,1.4576,"['OB Haussier 1.455–1.457', 'OB Haussier 1.457–1.458', 'OB Haussier 1.458–1.460', 'OB Haussier 1.454–1.457', 'OB Haussier 1.457–1.459', 'OB Haussier 1.456–1.457', 'OB Haussier 1.456–1.457', 'OB Haussier 1.458–1.459', 'OB Haussier 1.456–1.457', 'OB Haussier 1.456–1.458', 'OB Haussier 1.458–1.459', 'OB Haussier 1.459–1.460', 'OB Haussier 1.455–1.456', 'OB Haussier 1.459–1.460', 'OB Haussier 1.457–1.459', 'OB Haussier 1.458–1.459', 'OB Haussier 1.455–1.457']"
251,SHORT,LOSS,-1.0,1.45746,1.45946,1.45346,200,2023-05-24 11:15:00,2023-05-24 12:15:00,12,London,36.3,bearish,True,Bot 1.453 vs préc. 1.456,121,1,9,True,False,Tokyo,1.45575,1.45309,"['OB Haussier 1.454–1.455', 'OB Haussier 1.455–1.456', 'OB Haussier 1.455–1.457', 'OB Haussier 1.454–1.455', 'OB Haussier 1.454–1.456', 'OB Haussier 1.453–1.454', 'OB Haussier 1.452–1.454', 'OB Haussier 1.454–1.457', 'OB Haussier 1.455–1.456', 'OB Haussier 1.453–1.454', 'OB Haussier 1.456–1.457', 'OB Haussier 1.456–1.457', 'OB Haussier 1.454–1.456', 'OB Haussier 1.456–1.457', 'OB Haussier 1.454–1.455', 'OB Haussier 1.454–1.455', 'OB Haussier 1.454–1.455', 'OB Haussier 1.455–1.456', 'OB Haussier 1.455–1.457']"
252,SHORT,LOSS,-1.0,1.45983,1.46183,1.45583,200,2023-05-24 17:00:00,2023-05-24 17:55:00,11,New York,36.3,bearish,False,Bot 1.458 vs préc. 1.453,103,1,23,False,False,London,1.46113,1.4552100000000001,"['OB Haussier 1.455–1.457', 'OB Haussier 1.457–1.458', 'OB Haussier 1.458–1.460', 'OB Haussier 1.454–1.457', 'OB Haussier 1.457–1.459', 'OB Haussier 1.456–1.457', 'OB Haussier 1.456–1.457', 'OB Haussier 1.458–1.459', 'OB Haussier 1.456–1.457', 'OB Haussier 1.456–1.458', 'OB Haussier 1.458–1.459', 'OB Haussier 1.459–1.460', 'OB Haussier 1.455–1.456', 'OB Haussier 1.459–1.460', 'OB Haussier 1.457–1.459', 'OB Haussier 1.458–1.459', 'OB Haussier 1.455–1.457']"
253,SHORT,LOSS,-1.0,1.458,1.46,1.454,200,2023-05-30 16:00:00,2023-05-30 19:00:00,36,New York,39.8,bearish,True,Bot 1.456 vs préc. 1.458,101,1,18,True,False,London,1.45654,1.4516,"['OB Haussier 1.454–1.455', 'OB Haussier 1.455–1.456', 'OB Haussier 1.455–1.457', 'OB Haussier 1.454–1.455', 'OB Haussier 1.454–1.456', 'OB Haussier 1.453–1.454', 'OB Haussier 1.454–1.457', 'OB Haussier 1.455–1.456', 'OB Haussier 1.453–1.454', 'OB Haussier 1.456–1.457', 'OB Haussier 1.456–1.457', 'OB Haussier 1.454–1.456', 'OB Haussier 1.456–1.457', 'OB Haussier 1.454–1.455', 'OB Haussier 1.454–1.455', 'OB Haussier 1.456–1.458', 'OB Haussier 1.454–1.455', 'OB Haussier 1.455–1.456', 'OB Haussier 1.455–1.457']"
254,SHORT,LOSS,-1.0,1.45525,1.45725,1.45125,200,2023-05-30 14:40:00,2023-05-30 15:25:00,9,New York,39.8,bearish,True,Bot 1.453 vs préc. 1.456,102,1,9,False,False,London,1.45654,1.4516,"['OB Haussier 1.454–1.455', 'OB Haussier 1.454–1.455', 'OB Haussier 1.450–1.452', 'OB Haussier 1.453–1.454', 'OB Haussier 1.452–1.454', 'OB Haussier 1.450–1.452', 'OB Haussier 1.449–1.451', 'OB Haussier 1.453–1.454', 'OB Haussier 1.450–1.451', 'OB Haussier 1.454–1.455', 'OB Haussier 1.451–1.451', 'OB Haussier 1.454–1.455']"
255,SHORT,LOSS,-1.0,1.43807,1.44007,1.43407,200,2023-06-05 19:00:00,2023-06-05 19:05:00,1,New York,21.0,bearish,True,Bot 1.435 vs préc. 1.446,189,1,9,True,True,London,1.43807,1.43514,"['OB Haussier 1.434–1.436', 'OB Haussier 1.434–1.435', 'OB Haussier 1.435–1.437', 'OB Haussier 1.435–1.438', 'OB Haussier 1.433–1.434', 'OB Haussier 1.436–1.437', 'OB Haussier 1.437–1.438', 'OB Haussier 1.435–1.437', 'OB Haussier 1.433–1.437', 'OB Haussier 1.435–1.437', 'OB Haussier 1.435–1.436', 'OB Haussier 1.434–1.435', 'OB Haussier 1.433–1.434', 'OB Haussier 1.435–1.437', 'OB Haussier 1.434–1.435']"
256,SHORT,LOSS,-1.0,1.43817,1.44017,1.43417,200,2023-06-08 18:40:00,2023-06-08 20:40:00,24,New York,22.9,bearish,True,Bot 1.433 vs préc. 1.435,311,1,13,True,False,London,1.43157,1.4282599999999999,"['OB Haussier 1.434–1.436', 'OB Haussier 1.434–1.435', 'OB Haussier 1.435–1.437', 'OB Haussier 1.435–1.438', 'OB Haussier 1.433–1.434', 'OB Haussier 1.436–1.437', 'OB Haussier 1.437–1.438', 'OB Haussier 1.435–1.437', 'OB Haussier 1.433–1.437', 'OB Haussier 1.437–1.438', 'OB Haussier 1.435–1.437', 'OB Haussier 1.435–1.436', 'OB Haussier 1.434–1.435', 'OB Haussier 1.433–1.434', 'OB Haussier 1.435–1.437', 'OB Haussier 1.434–1.435']"
257,SHORT,LOSS,-1.0,1.4396900000000001,1.4416900000000001,1.4356900000000001,200,2023-06-13 06:55:00,2023-06-13 10:05:00,38,Tokyo,44.0,bearish,False,Bot 1.433 vs préc. 1.433,266,1,18,True,False,New York,1.4392800000000001,1.43425,"['OB Haussier 1.434–1.436', 'OB Haussier 1.435–1.437', 'OB Haussier 1.435–1.438', 'OB Haussier 1.439–1.439', 'OB Haussier 1.436–1.437', 'OB Haussier 1.437–1.438', 'OB Haussier 1.435–1.437', 'OB Haussier 1.433–1.437', 'OB Haussier 1.437–1.438', 'OB Haussier 1.435–1.437', 'OB Haussier 1.435–1.436', 'OB Haussier 1.438–1.438', 'OB Haussier 1.438–1.439', 'OB Haussier 1.435–1.437', 'OB Haussier 1.437–1.438', 'OB Haussier 1.439–1.440']"
258,LONG,WIN,2.0,1.44129,1.43929,1.44529,200,2023-06-16 19:55:00,2023-06-19 06:40:00,127,New York,62.7,bullish,True,Top 1.446 vs préc. 1.440,159,1,10,True,True,London,1.44874,1.4466999999999999,"['OB Baissier 1.443–1.443', 'OB Baissier 1.441–1.443', 'OB Baissier 1.442–1.443', 'OB Baissier 1.443–1.444', 'OB Baissier 1.444–1.445', 'OB Baissier 1.445–1.445', 'OB Baissier 1.445–1.446', 'OB Baissier 1.442–1.444', 'OB Baissier 1.442–1.443', 'OB Baissier 1.444–1.445', 'OB Baissier 1.443–1.445', 'OB Baissier 1.442–1.446', 'OB Baissier 1.445–1.446', 'OB Baissier 1.442–1.443', 'OB Baissier 1.442–1.443', 'OB Baissier 1.443–1.444', 'OB Baissier 1.442–1.445', 'OB Baissier 1.442–1.443', 'OB Baissier 1.442–1.443']"
259,LONG,BE,0.0,1.4559199999999999,1.4539199999999999,1.4599199999999999,200,2023-07-12 02:10:00,2023-07-12 14:00:00,142,Tokyo,66.0,bullish,True,Top 1.459 vs préc. 1.442,141,1,8,True,False,New York,1.46135,1.45595,"['OB Baissier 1.459–1.461', 'OB Baissier 1.458–1.460', 'OB Baissier 1.456–1.458', 'OB Baissier 1.459–1.461', 'OB Baissier 1.460–1.462', 'OB Baissier 1.460–1.461', 'OB Baissier 1.456–1.459', 'OB Baissier 1.457–1.460', 'OB Baissier 1.459–1.460', 'OB Baissier 1.460–1.460', 'OB Baissier 1.459–1.460', 'OB Baissier 1.457–1.458', 'OB Baissier 1.458–1.459', 'OB Baissier 1.456–1.458', 'OB Baissier 1.458–1.460', 'OB Baissier 1.458–1.460', 'OB Baissier 1.459–1.460', 'OB Baissier 1.460–1.460', 'OB Baissier 1.457–1.458']"
260,LONG,LOSS,-1.0,1.47877,1.47677,1.48277,200,2023-07-18 20:55:00,2023-07-19 11:15:00,170,New York,80.0,bullish,False,Top 1.482 vs préc. 1.485,183,2,13,True,False,London,1.4881,1.48299,"['OB Baissier 1.483–1.485', 'OB Baissier 1.480–1.483', 'OB Baissier 1.481–1.482', 'OB Baissier 1.481–1.482', 'OB Baissier 1.482–1.483', 'OB Baissier 1.481–1.482', 'OB Baissier 1.480–1.482', 'OB Baissier 1.482–1.482', 'OB Baissier 1.481–1.483', 'OB Baissier 1.483–1.483', 'OB Baissier 1.482–1.483', 'OB Baissier 1.479–1.480', 'OB Baissier 1.482–1.483', 'OB Baissier 1.483–1.483', 'OB Baissier 1.482–1.482', 'OB Baissier 1.482–1.482', 'OB Baissier 1.482–1.484', 'OB Baissier 1.482–1.483', 'OB Baissier 1.482–1.484', 'OB Baissier 1.482–1.484', 'OB Baissier 1.481–1.484', 'OB Baissier 1.482–1.482', 'OB Baissier 1.480–1.482', 'OB Baissier 1.479–1.480']"
261,SHORT,BE,0.0,1.46943,1.47143,1.46543,200,2023-07-21 17:45:00,2023-07-21 20:10:00,29,New York,39.8,bearish,True,Bot 1.467 vs préc. 1.483,184,1,10,True,True,London,1.4677,1.46496,"['OB Haussier 1.467–1.468', 'OB Haussier 1.464–1.467', 'OB Haussier 1.468–1.469', 'OB Haussier 1.465–1.467', 'OB Haussier 1.468–1.469', 'OB Haussier 1.464–1.466', 'OB Haussier 1.465–1.467', 'OB Haussier 1.468–1.469', 'OB Haussier 1.464–1.466', 'OB Haussier 1.466–1.467', 'OB Haussier 1.463–1.466', 'OB Haussier 1.465–1.467', 'OB Haussier 1.466–1.467', 'OB Haussier 1.467–1.467', 'OB Haussier 1.467–1.468', 'OB Haussier 1.466–1.467', 'OB Haussier 1.467–1.468', 'OB Haussier 1.467–1.468', 'OB Haussier 1.467–1.468', 'OB Haussier 1.466–1.467', 'OB Haussier 1.463–1.466', 'OB Haussier 1.466–1.467', 'OB Haussier 1.466–1.468', 'OB Haussier 1.466–1.466', 'OB Haussier 1.466–1.467', 'OB Haussier 1.467–1.468', 'OB Haussier 1.465–1.466', 'OB Haussier 1.466–1.468', 'OB Haussier 1.466–1.466', 'OB Haussier 1.468–1.468']"
262,SHORT,LOSS,-1.0,1.45767,1.45967,1.45367,200,2023-08-01 18:15:00,2023-08-02 02:35:00,98,New York,41.6,bearish,True,Bot 1.451 vs préc. 1.459,323,1,13,True,False,London,1.45541,1.45153,"['OB Haussier 1.454–1.455', 'OB Haussier 1.455–1.456', 'OB Haussier 1.455–1.457', 'OB Haussier 1.454–1.455', 'OB Haussier 1.454–1.456', 'OB Haussier 1.453–1.454', 'OB Haussier 1.452–1.454', 'OB Haussier 1.454–1.457', 'OB Haussier 1.455–1.456', 'OB Haussier 1.453–1.454', 'OB Haussier 1.456–1.457', 'OB Haussier 1.456–1.457', 'OB Haussier 1.454–1.456', 'OB Haussier 1.456–1.457', 'OB Haussier 1.454–1.455', 'OB Haussier 1.454–1.455', 'OB Haussier 1.454–1.455', 'OB Haussier 1.455–1.456', 'OB Haussier 1.455–1.457']"
263,LONG,LOSS,-1.0,1.46957,1.46757,1.47357,200,2023-08-07 10:45:00,2023-08-07 15:00:00,51,London,67.4,bullish,True,Top 1.473 vs préc. 1.470,147,1,15,True,False,Tokyo,1.47357,1.47032,"['OB Baissier 1.472–1.473', 'OB Baissier 1.473–1.475', 'OB Baissier 1.473–1.474', 'OB Baissier 1.473–1.474', 'OB Baissier 1.470–1.471', 'OB Baissier 1.473–1.474', 'OB Baissier 1.473–1.474', 'OB Baissier 1.473–1.475', 'OB Baissier 1.470–1.471', 'OB Baissier 1.473–1.476', 'OB Baissier 1.471–1.472', 'OB Baissier 1.473–1.474', 'OB Baissier 1.470–1.471', 'OB Baissier 1.473–1.475', 'OB Baissier 1.470–1.470', 'OB Baissier 1.470–1.472', 'OB Baissier 1.471–1.472', 'OB Baissier 1.471–1.472', 'OB Baissier 1.470–1.471', 'OB Baissier 1.470–1.471', 'OB Baissier 1.472–1.473', 'OB Baissier 1.473–1.475', 'OB Baissier 1.471–1.472', 'OB Baissier 1.473–1.473', 'OB Baissier 1.473–1.476']"
264,LONG,WIN,2.0,1.47048,1.46848,1.47448,200,2023-08-08 23:25:00,2023-08-09 17:20:00,213,New York,67.3,bullish,True,Top 1.475 vs préc. 1.473,364,2,7,True,True,London,1.4758200000000001,1.4708700000000001,"['OB Baissier 1.472–1.473', 'OB Baissier 1.473–1.475', 'OB Baissier 1.473–1.474', 'OB Baissier 1.473–1.474', 'OB Baissier 1.474–1.475', 'OB Baissier 1.473–1.474', 'OB Baissier 1.474–1.477', 'OB Baissier 1.474–1.476', 'OB Baissier 1.473–1.474', 'OB Baissier 1.473–1.475', 'OB Baissier 1.473–1.476', 'OB Baissier 1.474–1.475', 'OB Baissier 1.471–1.472', 'OB Baissier 1.473–1.474', 'OB Baissier 1.474–1.475', 'OB Baissier 1.473–1.475', 'OB Baissier 1.471–1.472', 'OB Baissier 1.471–1.472', 'OB Baissier 1.474–1.475', 'OB Baissier 1.472–1.473', 'OB Baissier 1.474–1.475', 'OB Baissier 1.473–1.475', 'OB Baissier 1.471–1.472', 'OB Baissier 1.474–1.476', 'OB Baissier 1.473–1.473', 'OB Baissier 1.473–1.476']"
265,LONG,LOSS,-1.0,1.47241,1.47041,1.47641,200,2023-08-11 19:10:00,2023-08-14 16:30:00,254,New York,76.9,bullish,True,Top 1.475 vs préc. 1.475,185,1,12,True,True,London,1.47946,1.47651,"['OB Baissier 1.475–1.476', 'OB Baissier 1.473–1.475', 'OB Baissier 1.473–1.474', 'OB Baissier 1.474–1.476', 'OB Baissier 1.473–1.474', 'OB Baissier 1.474–1.475', 'OB Baissier 1.476–1.477', 'OB Baissier 1.475–1.477', 'OB Baissier 1.473–1.474', 'OB Baissier 1.474–1.477', 'OB Baissier 1.474–1.476', 'OB Baissier 1.473–1.474', 'OB Baissier 1.476–1.477', 'OB Baissier 1.473–1.475', 'OB Baissier 1.475–1.476', 'OB Baissier 1.473–1.476', 'OB Baissier 1.474–1.475', 'OB Baissier 1.476–1.476', 'OB Baissier 1.475–1.476', 'OB Baissier 1.473–1.474', 'OB Baissier 1.474–1.475', 'OB Baissier 1.475–1.476', 'OB Baissier 1.475–1.476', 'OB Baissier 1.473–1.475', 'OB Baissier 1.474–1.475', 'OB Baissier 1.475–1.476', 'OB Baissier 1.474–1.475', 'OB Baissier 1.476–1.477', 'OB Baissier 1.473–1.475', 'OB Baissier 1.474–1.476', 'OB Baissier 1.475–1.475', 'OB Baissier 1.475–1.476', 'OB Baissier 1.473–1.473', 'OB Baissier 1.473–1.476']"
266,LONG,LOSS,-1.0,1.4712100000000001,1.4692100000000001,1.4752100000000001,200,2023-08-22 17:05:00,2023-08-22 18:20:00,15,New York,63.5,bullish,True,Top 1.477 vs préc. 1.473,414,1,7,True,False,London,1.47841,1.47597,"['OB Baissier 1.475–1.476', 'OB Baissier 1.472–1.473', 'OB Baissier 1.473–1.475', 'OB Baissier 1.473–1.474', 'OB Baissier 1.474–1.476', 'OB Baissier 1.473–1.474', 'OB Baissier 1.474–1.475', 'OB Baissier 1.475–1.477', 'OB Baissier 1.473–1.474', 'OB Baissier 1.474–1.477', 'OB Baissier 1.474–1.476', 'OB Baissier 1.473–1.474', 'OB Baissier 1.473–1.475', 'OB Baissier 1.473–1.476', 'OB Baissier 1.474–1.475', 'OB Baissier 1.475–1.476', 'OB Baissier 1.473–1.474', 'OB Baissier 1.474–1.475', 'OB Baissier 1.475–1.476', 'OB Baissier 1.475–1.476', 'OB Baissier 1.473–1.475', 'OB Baissier 1.474–1.475', 'OB Baissier 1.472–1.473', 'OB Baissier 1.474–1.475', 'OB Baissier 1.473–1.475', 'OB Baissier 1.474–1.476', 'OB Baissier 1.475–1.475', 'OB Baissier 1.475–1.476', 'OB Baissier 1.473–1.473', 'OB Baissier 1.473–1.476']"
267,LONG,LOSS,-1.0,1.47285,1.47085,1.47685,200,2023-08-31 13:55:00,2023-08-31 17:30:00,43,London,67.4,bullish,True,Top 1.476 vs préc. 1.469,146,1,6,True,False,Tokyo,1.4797799999999999,1.47652,"['OB Baissier 1.475–1.476', 'OB Baissier 1.477–1.478', 'OB Baissier 1.473–1.475', 'OB Baissier 1.473–1.474', 'OB Baissier 1.476–1.477', 'OB Baissier 1.474–1.476', 'OB Baissier 1.473–1.474', 'OB Baissier 1.474–1.475', 'OB Baissier 1.476–1.477', 'OB Baissier 1.475–1.477', 'OB Baissier 1.473–1.474', 'OB Baissier 1.474–1.477', 'OB Baissier 1.474–1.476', 'OB Baissier 1.473–1.474', 'OB Baissier 1.476–1.477', 'OB Baissier 1.473–1.475', 'OB Baissier 1.475–1.476', 'OB Baissier 1.473–1.476', 'OB Baissier 1.474–1.475', 'OB Baissier 1.476–1.476', 'OB Baissier 1.475–1.476', 'OB Baissier 1.474–1.475', 'OB Baissier 1.475–1.476', 'OB Baissier 1.475–1.476', 'OB Baissier 1.474–1.475', 'OB Baissier 1.475–1.476', 'OB Baissier 1.474–1.475', 'OB Baissier 1.476–1.477', 'OB Baissier 1.473–1.475', 'OB Baissier 1.477–1.479', 'OB Baissier 1.474–1.476', 'OB Baissier 1.475–1.475', 'OB Baissier 1.475–1.476', 'OB Baissier 1.473–1.476']"
268,LONG,LOSS,-1.0,1.47534,1.47334,1.47934,200,2023-08-31 12:10:00,2023-08-31 13:50:00,20,London,67.4,bullish,True,Top 1.477 vs préc. 1.476,116,1,1,True,False,Tokyo,1.4797799999999999,1.47652,"['OB Baissier 1.477–1.478', 'OB Baissier 1.477–1.478', 'OB Baissier 1.479–1.480', 'OB Baissier 1.477–1.478', 'OB Baissier 1.476–1.477', 'OB Baissier 1.476–1.477', 'OB Baissier 1.477–1.478', 'OB Baissier 1.476–1.477', 'OB Baissier 1.475–1.476', 'OB Baissier 1.478–1.479', 'OB Baissier 1.476–1.476', 'OB Baissier 1.479–1.480', 'OB Baissier 1.478–1.478', 'OB Baissier 1.477–1.478', 'OB Baissier 1.476–1.477', 'OB Baissier 1.477–1.479', 'OB Baissier 1.478–1.478', 'OB Baissier 1.478–1.479', 'OB Baissier 1.477–1.478', 'OB Baissier 1.479–1.480']"
269,LONG,LOSS,-1.0,1.4647700000000001,1.4627700000000001,1.4687700000000001,200,2023-09-05 16:00:00,2023-09-05 18:00:00,2,New York,58.7,bullish,False,Top 1.467 vs préc. 1.469,162,1,6,True,False,London,1.47021,1.4671,"['OB Baissier 1.467–1.469', 'OB Baissier 1.468–1.470', 'OB Baissier 1.468–1.469', 'OB Baissier 1.466–1.467', 'OB Baissier 1.466–1.467', 'OB Baissier 1.467–1.469', 'OB Baissier 1.469–1.469', 'OB Baissier 1.466–1.468', 'OB Baissier 1.466–1.467', 'OB Baissier 1.469–1.469', 'OB Baissier 1.468–1.470', 'OB Baissier 1.468–1.470', 'OB Baissier 1.465–1.466', 'OB Baissier 1.466–1.468', 'OB Baissier 1.465–1.467', 'OB Baissier 1.468–1.469', 'OB Baissier 1.468–1.469', 'OB Baissier 1.467–1.468', 'OB Baissier 1.468–1.469', 'OB Baissier 1.465–1.467', 'OB Baissier 1.465–1.466', 'OB Baissier 1.468–1.469', 'OB Baissier 1.467–1.468', 'OB Baissier 1.465–1.466', 'OB Baissier 1.465–1.466', 'OB Baissier 1.468–1.470']"
270,SHORT,BE,0.0,1.46017,1.46217,1.45617,200,2023-09-11 19:00:00,2023-09-12 06:00:00,11,New York,40.8,bearish,True,Bot 1.457 vs préc. 1.462,173,1,4,True,True,London,1.46083,1.4576500000000001,"['OB Haussier 1.455–1.457', 'OB Haussier 1.457–1.458', 'OB Haussier 1.458–1.460', 'OB Haussier 1.454–1.457', 'OB Haussier 1.457–1.459', 'OB Haussier 1.456–1.457', 'OB Haussier 1.456–1.457', 'OB Haussier 1.458–1.459', 'OB Haussier 1.456–1.457', 'OB Haussier 1.456–1.458', 'OB Haussier 1.458–1.459', 'OB Haussier 1.459–1.460', 'OB Haussier 1.455–1.456', 'OB Haussier 1.459–1.460', 'OB Haussier 1.457–1.459', 'OB Haussier 1.458–1.459', 'OB Haussier 1.455–1.457']"
271,SHORT,BE,0.0,1.43909,1.44109,1.43509,200,2023-09-20 19:00:00,2023-09-20 21:00:00,2,New York,30.6,bearish,True,Bot 1.434 vs préc. 1.438,347,1,4,True,False,London,1.43859,1.4357,"['OB Haussier 1.434–1.436', 'OB Haussier 1.435–1.437', 'OB Haussier 1.435–1.438', 'OB Haussier 1.436–1.437', 'OB Haussier 1.437–1.438', 'OB Haussier 1.435–1.437', 'OB Haussier 1.433–1.437', 'OB Haussier 1.437–1.438', 'OB Haussier 1.435–1.437', 'OB Haussier 1.435–1.436', 'OB Haussier 1.438–1.438', 'OB Haussier 1.434–1.435', 'OB Haussier 1.438–1.439', 'OB Haussier 1.435–1.437', 'OB Haussier 1.437–1.438', 'OB Haussier 1.434–1.435']"
272,SHORT,BE,0.0,1.43952,1.44152,1.43552,200,2023-09-21 15:00:00,2023-09-21 18:00:00,3,New York,34.1,bearish,False,Bot 1.437 vs préc. 1.434,104,1,2,True,False,London,1.43941,1.43429,"['OB Haussier 1.434–1.436', 'OB Haussier 1.435–1.437', 'OB Haussier 1.435–1.438', 'OB Haussier 1.439–1.439', 'OB Haussier 1.436–1.437', 'OB Haussier 1.437–1.438', 'OB Haussier 1.435–1.437', 'OB Haussier 1.433–1.437', 'OB Haussier 1.437–1.438', 'OB Haussier 1.435–1.437', 'OB Haussier 1.435–1.436', 'OB Haussier 1.438–1.438', 'OB Haussier 1.438–1.439', 'OB Haussier 1.435–1.437', 'OB Haussier 1.437–1.438']"
273,SHORT,WIN,2.0,1.43703,1.43903,1.43303,200,2023-09-22 22:00:00,2023-09-25 12:00:00,14,New York,35.0,bearish,True,Bot 1.434 vs préc. 1.437,185,1,2,True,True,London,1.43673,1.43056,"['OB Haussier 1.432–1.433', 'OB Haussier 1.434–1.436', 'OB Haussier 1.434–1.435', 'OB Haussier 1.431–1.433', 'OB Haussier 1.432–1.433', 'OB Haussier 1.433–1.434', 'OB Haussier 1.432–1.433', 'OB Haussier 1.436–1.437', 'OB Haussier 1.433–1.434', 'OB Haussier 1.433–1.434', 'OB Haussier 1.433–1.437', 'OB Haussier 1.435–1.437', 'OB Haussier 1.435–1.436', 'OB Haussier 1.433–1.434', 'OB Haussier 1.433–1.434', 'OB Haussier 1.434–1.435', 'OB Haussier 1.433–1.434', 'OB Haussier 1.435–1.437', 'OB Haussier 1.433–1.434', 'OB Haussier 1.430–1.434', 'OB Haussier 1.434–1.435']"
274,LONG,WIN,2.0,1.43885,1.43685,1.44285,200,2023-10-06 17:00:00,2023-10-06 19:00:00,2,New York,71.1,bullish,True,Top 1.443 vs préc. 1.432,165,1,6,True,True,London,1.4467400000000001,1.44473,"['OB Baissier 1.443–1.443', 'OB Baissier 1.440–1.441', 'OB Baissier 1.441–1.443', 'OB Baissier 1.442–1.443', 'OB Baissier 1.443–1.444', 'OB Baissier 1.441–1.442', 'OB Baissier 1.442–1.444', 'OB Baissier 1.442–1.443', 'OB Baissier 1.442–1.446', 'OB Baissier 1.442–1.443', 'OB Baissier 1.442–1.443', 'OB Baissier 1.440–1.440', 'OB Baissier 1.441–1.442', 'OB Baissier 1.440–1.441', 'OB Baissier 1.442–1.445', 'OB Baissier 1.442–1.443', 'OB Baissier 1.442–1.443']"
275,LONG,LOSS,-1.0,1.44287,1.44087,1.44687,200,2023-10-06 17:00:00,2023-10-06 18:00:00,1,New York,71.1,bullish,True,Top 1.447 vs préc. 1.443,335,1,9,True,True,London,1.4467400000000001,1.44473,"['OB Baissier 1.446–1.447', 'OB Baissier 1.446–1.447', 'OB Baissier 1.447–1.450', 'OB Baissier 1.446–1.447', 'OB Baissier 1.446–1.447', 'OB Baissier 1.444–1.445', 'OB Baissier 1.445–1.445', 'OB Baissier 1.445–1.446', 'OB Baissier 1.446–1.448', 'OB Baissier 1.444–1.445', 'OB Baissier 1.443–1.445', 'OB Baissier 1.445–1.447', 'OB Baissier 1.445–1.446', 'OB Baissier 1.445–1.448', 'OB Baissier 1.446–1.448', 'OB Baissier 1.446–1.447', 'OB Baissier 1.445–1.446', 'OB Baissier 1.447–1.449', 'OB Baissier 1.446–1.447', 'OB Baissier 1.443–1.444']"
276,LONG,BE,0.0,1.46655,1.46455,1.47055,200,2023-10-31 19:00:00,2023-11-01 01:00:00,6,New York,75.7,bullish,True,Top 1.469 vs préc. 1.464,118,1,11,True,True,London,1.47464,1.4665599999999999,"['OB Baissier 1.467–1.469', 'OB Baissier 1.468–1.470', 'OB Baissier 1.470–1.471', 'OB Baissier 1.468–1.469', 'OB Baissier 1.469–1.470', 'OB Baissier 1.469–1.471', 'OB Baissier 1.470–1.471', 'OB Baissier 1.469–1.470', 'OB Baissier 1.469–1.469', 'OB Baissier 1.469–1.469', 'OB Baissier 1.468–1.470', 'OB Baissier 1.469–1.470', 'OB Baissier 1.470–1.471', 'OB Baissier 1.468–1.470', 'OB Baissier 1.470–1.470', 'OB Baissier 1.470–1.472', 'OB Baissier 1.468–1.469', 'OB Baissier 1.468–1.469', 'OB Baissier 1.468–1.469', 'OB Baissier 1.470–1.471', 'OB Baissier 1.470–1.471', 'OB Baissier 1.468–1.469', 'OB Baissier 1.467–1.468', 'OB Baissier 1.468–1.470']"
277,LONG,LOSS,-1.0,1.49838,1.49638,1.50238,200,2023-11-21 18:05:00,2023-11-21 19:15:00,14,New York,76.0,bullish,True,Top 1.501 vs préc. 1.494,107,1,9,True,False,London,1.50438,1.5000200000000001,"['OB Baissier 1.500–1.503', 'OB Baissier 1.499–1.500', 'OB Baissier 1.500–1.500', 'OB Baissier 1.501–1.506', 'OB Baissier 1.499–1.503', 'OB Baissier 1.500–1.501', 'OB Baissier 1.500–1.501', 'OB Baissier 1.502–1.503', 'OB Baissier 1.501–1.503', 'OB Baissier 1.502–1.505', 'OB Baissier 1.501–1.501', 'OB Baissier 1.500–1.502', 'OB Baissier 1.501–1.503', 'OB Baissier 1.499–1.503', 'OB Baissier 1.501–1.502', 'OB Baissier 1.502–1.503', 'OB Baissier 1.501–1.502', 'OB Baissier 1.502–1.503', 'OB Baissier 1.499–1.500', 'OB Baissier 1.502–1.503', 'OB Baissier 1.499–1.500']"
278,LONG,BE,0.0,1.49946,1.49746,1.50346,200,2023-11-21 16:40:00,2023-11-21 18:00:00,16,New York,76.0,bullish,True,Top 1.502 vs préc. 1.501,161,2,4,True,False,London,1.50438,1.5000200000000001,"['OB Baissier 1.500–1.503', 'OB Baissier 1.503–1.505', 'OB Baissier 1.503–1.504', 'OB Baissier 1.500–1.500', 'OB Baissier 1.501–1.506', 'OB Baissier 1.500–1.501', 'OB Baissier 1.500–1.501', 'OB Baissier 1.503–1.506', 'OB Baissier 1.502–1.503', 'OB Baissier 1.501–1.503', 'OB Baissier 1.502–1.505', 'OB Baissier 1.501–1.501', 'OB Baissier 1.500–1.502', 'OB Baissier 1.501–1.503', 'OB Baissier 1.503–1.503', 'OB Baissier 1.501–1.502', 'OB Baissier 1.502–1.503', 'OB Baissier 1.503–1.504', 'OB Baissier 1.501–1.502', 'OB Baissier 1.502–1.503', 'OB Baissier 1.503–1.504', 'OB Baissier 1.502–1.503', 'OB Baissier 1.502–1.503', 'OB Baissier 1.503–1.508']"
279,SHORT,LOSS,-1.0,1.49038,1.49238,1.48638,200,2023-11-28 16:15:00,2023-11-28 17:30:00,15,New York,43.5,bearish,False,Bot 1.489 vs préc. 1.489,115,2,27,True,True,London,1.49005,1.48678,"['OB Haussier 1.481–1.488', 'OB Haussier 1.486–1.487', 'OB Haussier 1.485–1.487', 'OB Haussier 1.486–1.487', 'OB Haussier 1.486–1.486', 'OB Haussier 1.487–1.488', 'OB Haussier 1.486–1.487', 'OB Haussier 1.487–1.489', 'OB Haussier 1.485–1.487', 'OB Haussier 1.486–1.487', 'OB Haussier 1.486–1.487', 'OB Haussier 1.488–1.489', 'OB Haussier 1.486–1.489', 'OB Haussier 1.487–1.488', 'OB Haussier 1.489–1.490', 'OB Haussier 1.485–1.487', 'OB Haussier 1.488–1.490', 'OB Haussier 1.488–1.490', 'OB Haussier 1.488–1.489']"
280,SHORT,BE,0.0,1.47036,1.47236,1.4663599999999999,200,2023-12-05 16:05:00,2023-12-05 18:00:00,23,New York,24.3,bearish,True,Bot 1.467 vs préc. 1.468,297,1,6,False,False,London,1.4704,1.46466,"['OB Haussier 1.467–1.468', 'OB Haussier 1.464–1.467', 'OB Haussier 1.468–1.469', 'OB Haussier 1.465–1.467', 'OB Haussier 1.468–1.469', 'OB Haussier 1.468–1.470', 'OB Haussier 1.468–1.470', 'OB Haussier 1.467–1.470', 'OB Haussier 1.464–1.466', 'OB Haussier 1.465–1.467', 'OB Haussier 1.468–1.469', 'OB Haussier 1.466–1.467', 'OB Haussier 1.465–1.467', 'OB Haussier 1.466–1.467', 'OB Haussier 1.467–1.467', 'OB Haussier 1.467–1.468', 'OB Haussier 1.466–1.467', 'OB Haussier 1.467–1.468', 'OB Haussier 1.467–1.468', 'OB Haussier 1.467–1.468', 'OB Haussier 1.468–1.470', 'OB Haussier 1.466–1.467', 'OB Haussier 1.466–1.467', 'OB Haussier 1.466–1.468', 'OB Haussier 1.466–1.466', 'OB Haussier 1.466–1.467', 'OB Haussier 1.467–1.468', 'OB Haussier 1.466–1.468', 'OB Haussier 1.468–1.468']"
281,SHORT,LOSS,-1.0,1.46655,1.46855,1.46255,200,2023-12-07 16:35:00,2023-12-07 20:10:00,43,New York,25.4,bearish,True,Bot 1.462 vs préc. 1.469,302,1,15,True,False,London,1.4659,1.46264,"['OB Haussier 1.460–1.463', 'OB Haussier 1.462–1.464', 'OB Haussier 1.463–1.465', 'OB Haussier 1.462–1.463', 'OB Haussier 1.463–1.464', 'OB Haussier 1.463–1.465', 'OB Haussier 1.464–1.466', 'OB Haussier 1.462–1.463', 'OB Haussier 1.464–1.466', 'OB Haussier 1.463–1.464', 'OB Haussier 1.458–1.464', 'OB Haussier 1.463–1.466', 'OB Haussier 1.462–1.463', 'OB Haussier 1.463–1.464', 'OB Haussier 1.465–1.465', 'OB Haussier 1.463–1.464', 'OB Haussier 1.462–1.463', 'OB Haussier 1.463–1.465', 'OB Haussier 1.462–1.464', 'OB Haussier 1.463–1.466', 'OB Haussier 1.463–1.464', 'OB Haussier 1.464–1.465', 'OB Haussier 1.463–1.464', 'OB Haussier 1.461–1.463', 'OB Haussier 1.466–1.466', 'OB Haussier 1.462–1.463', 'OB Haussier 1.465–1.466', 'OB Haussier 1.464–1.465', 'OB Haussier 1.466–1.466', 'OB Haussier 1.464–1.465']"
282,SHORT,BE,0.0,1.46528,1.46728,1.46128,200,2023-12-12 13:25:00,2023-12-12 16:35:00,38,London,33.3,bearish,True,Bot 1.461 vs préc. 1.462,280,1,12,True,True,Tokyo,1.4617200000000001,1.4592399999999999,"['OB Haussier 1.460–1.463', 'OB Haussier 1.462–1.464', 'OB Haussier 1.463–1.465', 'OB Haussier 1.462–1.463', 'OB Haussier 1.463–1.464', 'OB Haussier 1.461–1.462', 'OB Haussier 1.462–1.463', 'OB Haussier 1.463–1.464', 'OB Haussier 1.461–1.462', 'OB Haussier 1.458–1.464', 'OB Haussier 1.462–1.463', 'OB Haussier 1.463–1.464', 'OB Haussier 1.463–1.464', 'OB Haussier 1.462–1.463', 'OB Haussier 1.463–1.465', 'OB Haussier 1.462–1.464', 'OB Haussier 1.463–1.464', 'OB Haussier 1.464–1.465', 'OB Haussier 1.461–1.462', 'OB Haussier 1.463–1.464', 'OB Haussier 1.461–1.463', 'OB Haussier 1.461–1.462', 'OB Haussier 1.462–1.463', 'OB Haussier 1.464–1.465', 'OB Haussier 1.464–1.465']"
283,LONG,LOSS,-1.0,1.46282,1.46082,1.46682,200,2023-12-15 16:35:00,2023-12-15 17:25:00,10,New York,55.8,bullish,True,Top 1.469 vs préc. 1.462,301,3,13,True,False,London,1.47195,1.46441,"['OB Baissier 1.466–1.467', 'OB Baissier 1.466–1.467', 'OB Baissier 1.467–1.469', 'OB Baissier 1.466–1.468', 'OB Baissier 1.466–1.467', 'OB Baissier 1.464–1.465', 'OB Baissier 1.463–1.465', 'OB Baissier 1.465–1.466', 'OB Baissier 1.465–1.466', 'OB Baissier 1.466–1.468', 'OB Baissier 1.465–1.467', 'OB Baissier 1.464–1.465', 'OB Baissier 1.464–1.466', 'OB Baissier 1.465–1.466', 'OB Baissier 1.467–1.468', 'OB Baissier 1.465–1.467', 'OB Baissier 1.465–1.466', 'OB Baissier 1.464–1.466', 'OB Baissier 1.465–1.466', 'OB Baissier 1.465–1.466', 'OB Baissier 1.465–1.466', 'OB Baissier 1.464–1.465']"
284,SHORT,LOSS,-1.0,1.45956,1.46156,1.45556,200,2023-12-27 12:35:00,2023-12-27 15:55:00,40,London,43.4,bearish,True,Bot 1.456 vs préc. 1.467,267,2,5,True,False,Tokyo,1.4579900000000001,1.45532,"['OB Haussier 1.455–1.456', 'OB Haussier 1.455–1.457', 'OB Haussier 1.457–1.458', 'OB Haussier 1.454–1.456', 'OB Haussier 1.454–1.457', 'OB Haussier 1.457–1.459', 'OB Haussier 1.455–1.456', 'OB Haussier 1.456–1.457', 'OB Haussier 1.456–1.457', 'OB Haussier 1.458–1.459', 'OB Haussier 1.454–1.456', 'OB Haussier 1.456–1.457', 'OB Haussier 1.456–1.458', 'OB Haussier 1.458–1.459', 'OB Haussier 1.455–1.456', 'OB Haussier 1.457–1.459', 'OB Haussier 1.458–1.459', 'OB Haussier 1.455–1.457']"
285,SHORT,BE,0.0,1.46605,1.46805,1.46205,200,2023-12-29 11:10:00,2023-12-29 13:25:00,27,London,42.2,bearish,True,Bot 1.463 vs préc. 1.465,108,1,9,True,False,Tokyo,1.46591,1.46252,"['OB Haussier 1.460–1.463', 'OB Haussier 1.462–1.464', 'OB Haussier 1.463–1.465', 'OB Haussier 1.462–1.463', 'OB Haussier 1.463–1.464', 'OB Haussier 1.463–1.465', 'OB Haussier 1.462–1.463', 'OB Haussier 1.464–1.466', 'OB Haussier 1.463–1.464', 'OB Haussier 1.458–1.464', 'OB Haussier 1.463–1.466', 'OB Haussier 1.462–1.463', 'OB Haussier 1.463–1.464', 'OB Haussier 1.465–1.465', 'OB Haussier 1.463–1.464', 'OB Haussier 1.462–1.463', 'OB Haussier 1.463–1.465', 'OB Haussier 1.462–1.464', 'OB Haussier 1.463–1.466', 'OB Haussier 1.463–1.464', 'OB Haussier 1.464–1.465', 'OB Haussier 1.463–1.464', 'OB Haussier 1.461–1.463', 'OB Haussier 1.462–1.463', 'OB Haussier 1.465–1.466', 'OB Haussier 1.464–1.465', 'OB Haussier 1.464–1.465']"
286,SHORT,LOSS,-1.0,1.46211,1.46411,1.45811,200,2024-01-04 17:00:00,2024-01-04 18:10:00,14,New York,35.5,bearish,True,Bot 1.456 vs préc. 1.460,158,1,12,True,False,London,1.46186,1.4558499999999999,"['OB Haussier 1.457–1.458', 'OB Haussier 1.458–1.460', 'OB Haussier 1.461–1.462', 'OB Haussier 1.457–1.459', 'OB Haussier 1.461–1.462', 'OB Haussier 1.458–1.459', 'OB Haussier 1.459–1.460', 'OB Haussier 1.460–1.461', 'OB Haussier 1.458–1.459', 'OB Haussier 1.459–1.460', 'OB Haussier 1.460–1.461', 'OB Haussier 1.460–1.461', 'OB Haussier 1.461–1.462', 'OB Haussier 1.461–1.462', 'OB Haussier 1.459–1.460', 'OB Haussier 1.457–1.459', 'OB Haussier 1.458–1.459', 'OB Haussier 1.460–1.461']"
287,SHORT,BE,0.0,1.46157,1.46357,1.45757,200,2024-01-05 17:15:00,2024-01-05 18:20:00,13,New York,41.9,bearish,False,Bot 1.459 vs préc. 1.456,143,1,26,True,True,London,1.46139,1.45705,"['OB Haussier 1.457–1.458', 'OB Haussier 1.458–1.460', 'OB Haussier 1.457–1.459', 'OB Haussier 1.458–1.459', 'OB Haussier 1.456–1.458', 'OB Haussier 1.459–1.460', 'OB Haussier 1.460–1.461', 'OB Haussier 1.458–1.459', 'OB Haussier 1.459–1.460', 'OB Haussier 1.460–1.461', 'OB Haussier 1.460–1.461', 'OB Haussier 1.459–1.460', 'OB Haussier 1.457–1.459', 'OB Haussier 1.458–1.459', 'OB Haussier 1.460–1.461']"
288,LONG,LOSS,-1.0,1.4656,1.4636,1.4696,200,2024-01-12 11:35:00,2024-01-12 13:15:00,20,London,66.1,bullish,True,Top 1.470 vs préc. 1.466,263,1,8,True,False,Tokyo,1.47007,1.4681600000000001,"['OB Baissier 1.467–1.469', 'OB Baissier 1.468–1.470', 'OB Baissier 1.468–1.469', 'OB Baissier 1.466–1.467', 'OB Baissier 1.466–1.467', 'OB Baissier 1.469–1.470', 'OB Baissier 1.467–1.469', 'OB Baissier 1.469–1.471', 'OB Baissier 1.469–1.470', 'OB Baissier 1.469–1.469', 'OB Baissier 1.466–1.468', 'OB Baissier 1.466–1.467', 'OB Baissier 1.469–1.469', 'OB Baissier 1.468–1.470', 'OB Baissier 1.469–1.470', 'OB Baissier 1.468–1.470', 'OB Baissier 1.468–1.469', 'OB Baissier 1.468–1.469', 'OB Baissier 1.467–1.468', 'OB Baissier 1.468–1.469', 'OB Baissier 1.468–1.469', 'OB Baissier 1.467–1.468', 'OB Baissier 1.468–1.470']"
289,SHORT,LOSS,-1.0,1.4668700000000001,1.4688700000000001,1.4628700000000001,200,2024-01-22 22:40:00,2024-01-23 10:30:00,140,New York,39.7,bearish,True,Bot 1.464 vs préc. 1.467,148,2,17,True,True,London,1.4659900000000001,1.4612,"['OB Haussier 1.462–1.464', 'OB Haussier 1.463–1.465', 'OB Haussier 1.464–1.467', 'OB Haussier 1.465–1.467', 'OB Haussier 1.462–1.463', 'OB Haussier 1.463–1.464', 'OB Haussier 1.463–1.465', 'OB Haussier 1.464–1.466', 'OB Haussier 1.465–1.467', 'OB Haussier 1.462–1.463', 'OB Haussier 1.464–1.466', 'OB Haussier 1.463–1.464', 'OB Haussier 1.458–1.464', 'OB Haussier 1.463–1.466', 'OB Haussier 1.465–1.467', 'OB Haussier 1.463–1.464', 'OB Haussier 1.466–1.467', 'OB Haussier 1.465–1.465', 'OB Haussier 1.463–1.464', 'OB Haussier 1.462–1.463', 'OB Haussier 1.466–1.467', 'OB Haussier 1.463–1.465', 'OB Haussier 1.462–1.464', 'OB Haussier 1.463–1.466', 'OB Haussier 1.463–1.464', 'OB Haussier 1.464–1.465', 'OB Haussier 1.463–1.464', 'OB Haussier 1.466–1.466', 'OB Haussier 1.462–1.463', 'OB Haussier 1.465–1.466', 'OB Haussier 1.464–1.465', 'OB Haussier 1.466–1.466', 'OB Haussier 1.464–1.465']"
290,SHORT,LOSS,-1.0,1.46582,1.46782,1.46182,200,2024-01-22 20:00:00,2024-01-23 05:00:00,106,New York,39.7,bearish,True,Bot 1.463 vs préc. 1.464,175,1,15,False,True,London,1.4659900000000001,1.4612,"['OB Haussier 1.460–1.463', 'OB Haussier 1.462–1.464', 'OB Haussier 1.463–1.465', 'OB Haussier 1.462–1.463', 'OB Haussier 1.463–1.464', 'OB Haussier 1.463–1.465', 'OB Haussier 1.462–1.463', 'OB Haussier 1.464–1.466', 'OB Haussier 1.463–1.464', 'OB Haussier 1.458–1.464', 'OB Haussier 1.463–1.466', 'OB Haussier 1.462–1.463', 'OB Haussier 1.463–1.464', 'OB Haussier 1.465–1.465', 'OB Haussier 1.463–1.464', 'OB Haussier 1.462–1.463', 'OB Haussier 1.463–1.465', 'OB Haussier 1.462–1.464', 'OB Haussier 1.463–1.464', 'OB Haussier 1.464–1.465', 'OB Haussier 1.461–1.462', 'OB Haussier 1.463–1.464', 'OB Haussier 1.461–1.463', 'OB Haussier 1.461–1.462', 'OB Haussier 1.462–1.463', 'OB Haussier 1.465–1.466', 'OB Haussier 1.464–1.465', 'OB Haussier 1.464–1.465']"
291,SHORT,LOSS,-1.0,1.4656,1.4676,1.4616,200,2024-01-24 12:35:00,2024-01-24 16:50:00,51,London,38.4,bearish,True,Bot 1.461 vs préc. 1.465,307,1,9,True,False,Tokyo,1.46365,1.4595500000000001,"['OB Haussier 1.460–1.463', 'OB Haussier 1.462–1.464', 'OB Haussier 1.463–1.465', 'OB Haussier 1.462–1.463', 'OB Haussier 1.463–1.464', 'OB Haussier 1.463–1.465', 'OB Haussier 1.461–1.462', 'OB Haussier 1.462–1.463', 'OB Haussier 1.463–1.464', 'OB Haussier 1.461–1.462', 'OB Haussier 1.458–1.464', 'OB Haussier 1.462–1.463', 'OB Haussier 1.463–1.464', 'OB Haussier 1.465–1.465', 'OB Haussier 1.463–1.464', 'OB Haussier 1.462–1.463', 'OB Haussier 1.463–1.465', 'OB Haussier 1.462–1.464', 'OB Haussier 1.463–1.464', 'OB Haussier 1.464–1.465', 'OB Haussier 1.461–1.462', 'OB Haussier 1.463–1.464', 'OB Haussier 1.461–1.463', 'OB Haussier 1.461–1.462', 'OB Haussier 1.462–1.463', 'OB Haussier 1.464–1.465', 'OB Haussier 1.464–1.465']"
292,SHORT,LOSS,-1.0,1.46003,1.46203,1.45603,200,2024-01-26 12:05:00,2024-01-26 15:00:00,35,London,37.1,bearish,True,Bot 1.458 vs préc. 1.464,178,1,12,False,True,Tokyo,1.46212,1.45957,"['OB Haussier 1.455–1.457', 'OB Haussier 1.457–1.458', 'OB Haussier 1.458–1.460', 'OB Haussier 1.454–1.457', 'OB Haussier 1.457–1.459', 'OB Haussier 1.456–1.457', 'OB Haussier 1.456–1.457', 'OB Haussier 1.458–1.459', 'OB Haussier 1.456–1.457', 'OB Haussier 1.456–1.458', 'OB Haussier 1.458–1.459', 'OB Haussier 1.459–1.460', 'OB Haussier 1.455–1.456', 'OB Haussier 1.459–1.460', 'OB Haussier 1.457–1.459', 'OB Haussier 1.458–1.459', 'OB Haussier 1.455–1.457']"
293,LONG,LOSS,-1.0,1.47134,1.46934,1.47534,200,2024-03-07 10:50:00,2024-03-07 16:15:00,65,London,69.1,bullish,True,Top 1.473 vs préc. 1.465,102,1,7,True,False,Tokyo,1.4739900000000001,1.47166,"['OB Baissier 1.475–1.476', 'OB Baissier 1.472–1.473', 'OB Baissier 1.473–1.475', 'OB Baissier 1.473–1.474', 'OB Baissier 1.474–1.476', 'OB Baissier 1.473–1.474', 'OB Baissier 1.474–1.475', 'OB Baissier 1.475–1.477', 'OB Baissier 1.473–1.474', 'OB Baissier 1.474–1.477', 'OB Baissier 1.474–1.476', 'OB Baissier 1.473–1.474', 'OB Baissier 1.473–1.475', 'OB Baissier 1.473–1.476', 'OB Baissier 1.474–1.475', 'OB Baissier 1.475–1.476', 'OB Baissier 1.473–1.474', 'OB Baissier 1.474–1.475', 'OB Baissier 1.475–1.476', 'OB Baissier 1.475–1.476', 'OB Baissier 1.473–1.475', 'OB Baissier 1.474–1.475', 'OB Baissier 1.472–1.473', 'OB Baissier 1.475–1.476', 'OB Baissier 1.474–1.475', 'OB Baissier 1.473–1.475', 'OB Baissier 1.474–1.476', 'OB Baissier 1.475–1.475', 'OB Baissier 1.475–1.476', 'OB Baissier 1.473–1.473', 'OB Baissier 1.473–1.476']"
294,LONG,BE,0.0,1.47169,1.46969,1.47569,200,2024-03-07 01:10:00,2024-03-07 10:40:00,114,Tokyo,69.1,bullish,True,Top 1.474 vs préc. 1.473,112,1,18,True,False,New York,1.4779499999999999,1.4721199999999999,"['OB Baissier 1.475–1.476', 'OB Baissier 1.473–1.475', 'OB Baissier 1.473–1.474', 'OB Baissier 1.474–1.476', 'OB Baissier 1.473–1.474', 'OB Baissier 1.474–1.475', 'OB Baissier 1.475–1.477', 'OB Baissier 1.473–1.474', 'OB Baissier 1.474–1.477', 'OB Baissier 1.474–1.476', 'OB Baissier 1.473–1.474', 'OB Baissier 1.473–1.475', 'OB Baissier 1.475–1.476', 'OB Baissier 1.473–1.476', 'OB Baissier 1.474–1.475', 'OB Baissier 1.476–1.476', 'OB Baissier 1.475–1.476', 'OB Baissier 1.473–1.474', 'OB Baissier 1.474–1.475', 'OB Baissier 1.475–1.476', 'OB Baissier 1.475–1.476', 'OB Baissier 1.473–1.475', 'OB Baissier 1.474–1.475', 'OB Baissier 1.475–1.476', 'OB Baissier 1.474–1.475', 'OB Baissier 1.473–1.475', 'OB Baissier 1.474–1.476', 'OB Baissier 1.475–1.475', 'OB Baissier 1.475–1.476', 'OB Baissier 1.473–1.473', 'OB Baissier 1.473–1.476']"
295,LONG,WIN,2.0,1.47102,1.46902,1.47502,200,2024-03-18 23:05:00,2024-03-19 16:30:00,207,New York,55.8,bullish,True,Top 1.473 vs préc. 1.471,109,1,7,True,True,London,1.47541,1.47284,"['OB Baissier 1.472–1.473', 'OB Baissier 1.473–1.475', 'OB Baissier 1.473–1.474', 'OB Baissier 1.474–1.476', 'OB Baissier 1.473–1.474', 'OB Baissier 1.474–1.475', 'OB Baissier 1.475–1.477', 'OB Baissier 1.473–1.474', 'OB Baissier 1.474–1.477', 'OB Baissier 1.474–1.476', 'OB Baissier 1.473–1.474', 'OB Baissier 1.473–1.475', 'OB Baissier 1.473–1.476', 'OB Baissier 1.474–1.475', 'OB Baissier 1.473–1.474', 'OB Baissier 1.474–1.475', 'OB Baissier 1.475–1.476', 'OB Baissier 1.475–1.476', 'OB Baissier 1.473–1.475', 'OB Baissier 1.471–1.472', 'OB Baissier 1.474–1.475', 'OB Baissier 1.472–1.473', 'OB Baissier 1.474–1.475', 'OB Baissier 1.473–1.475', 'OB Baissier 1.474–1.476', 'OB Baissier 1.475–1.475', 'OB Baissier 1.473–1.473', 'OB Baissier 1.473–1.476']"
296,LONG,LOSS,-1.0,1.47316,1.47116,1.47716,200,2024-03-18 20:15:00,2024-03-18 22:25:00,26,New York,55.8,bullish,True,Top 1.476 vs préc. 1.473,149,1,19,True,True,London,1.47541,1.47284,"['OB Baissier 1.475–1.476', 'OB Baissier 1.477–1.478', 'OB Baissier 1.477–1.478', 'OB Baissier 1.476–1.477', 'OB Baissier 1.474–1.476', 'OB Baissier 1.473–1.474', 'OB Baissier 1.474–1.475', 'OB Baissier 1.476–1.477', 'OB Baissier 1.475–1.477', 'OB Baissier 1.474–1.477', 'OB Baissier 1.474–1.476', 'OB Baissier 1.476–1.477', 'OB Baissier 1.473–1.475', 'OB Baissier 1.475–1.476', 'OB Baissier 1.473–1.476', 'OB Baissier 1.474–1.475', 'OB Baissier 1.476–1.476', 'OB Baissier 1.475–1.476', 'OB Baissier 1.474–1.475', 'OB Baissier 1.475–1.476', 'OB Baissier 1.475–1.476', 'OB Baissier 1.477–1.478', 'OB Baissier 1.474–1.475', 'OB Baissier 1.475–1.476', 'OB Baissier 1.474–1.475', 'OB Baissier 1.476–1.477', 'OB Baissier 1.477–1.479', 'OB Baissier 1.474–1.476', 'OB Baissier 1.475–1.475', 'OB Baissier 1.475–1.476', 'OB Baissier 1.477–1.478']"
297,LONG,BE,0.0,1.47142,1.46942,1.47542,200,2024-03-20 22:00:00,2024-03-21 11:45:00,163,New York,56.9,bullish,True,Top 1.476 vs préc. 1.476,391,2,12,True,False,London,1.47644,1.4736,"['OB Baissier 1.475–1.476', 'OB Baissier 1.472–1.473', 'OB Baissier 1.473–1.475', 'OB Baissier 1.473–1.474', 'OB Baissier 1.474–1.476', 'OB Baissier 1.473–1.474', 'OB Baissier 1.474–1.475', 'OB Baissier 1.475–1.477', 'OB Baissier 1.473–1.474', 'OB Baissier 1.474–1.477', 'OB Baissier 1.474–1.476', 'OB Baissier 1.473–1.474', 'OB Baissier 1.473–1.475', 'OB Baissier 1.473–1.476', 'OB Baissier 1.474–1.475', 'OB Baissier 1.475–1.476', 'OB Baissier 1.473–1.474', 'OB Baissier 1.474–1.475', 'OB Baissier 1.475–1.476', 'OB Baissier 1.475–1.476', 'OB Baissier 1.473–1.475', 'OB Baissier 1.474–1.475', 'OB Baissier 1.472–1.473', 'OB Baissier 1.475–1.476', 'OB Baissier 1.474–1.475', 'OB Baissier 1.473–1.475', 'OB Baissier 1.474–1.476', 'OB Baissier 1.475–1.475', 'OB Baissier 1.475–1.476', 'OB Baissier 1.473–1.473', 'OB Baissier 1.473–1.476']"
298,LONG,LOSS,-1.0,1.47122,1.46922,1.47522,200,2024-04-10 17:35:00,2024-04-10 18:15:00,8,New York,63.6,bullish,True,Top 1.474 vs préc. 1.468,223,1,6,True,True,London,1.47313,1.47138,"['OB Baissier 1.475–1.476', 'OB Baissier 1.472–1.473', 'OB Baissier 1.473–1.475', 'OB Baissier 1.473–1.474', 'OB Baissier 1.474–1.476', 'OB Baissier 1.473–1.474', 'OB Baissier 1.474–1.475', 'OB Baissier 1.475–1.477', 'OB Baissier 1.473–1.474', 'OB Baissier 1.474–1.477', 'OB Baissier 1.474–1.476', 'OB Baissier 1.473–1.474', 'OB Baissier 1.473–1.475', 'OB Baissier 1.473–1.476', 'OB Baissier 1.474–1.475', 'OB Baissier 1.475–1.476', 'OB Baissier 1.473–1.474', 'OB Baissier 1.474–1.475', 'OB Baissier 1.475–1.476', 'OB Baissier 1.475–1.476', 'OB Baissier 1.473–1.475', 'OB Baissier 1.474–1.475', 'OB Baissier 1.472–1.473', 'OB Baissier 1.474–1.475', 'OB Baissier 1.473–1.475', 'OB Baissier 1.474–1.476', 'OB Baissier 1.475–1.475', 'OB Baissier 1.475–1.476', 'OB Baissier 1.473–1.473', 'OB Baissier 1.473–1.476']"
299,SHORT,LOSS,-1.0,1.46856,1.47056,1.46456,200,2024-04-16 17:30:00,2024-04-16 17:35:00,1,New York,41.1,bearish,True,Bot 1.466 vs préc. 1.470,168,2,14,True,False,London,1.46563,1.46371,"['OB Haussier 1.463–1.465', 'OB Haussier 1.467–1.468', 'OB Haussier 1.464–1.467', 'OB Haussier 1.465–1.467', 'OB Haussier 1.463–1.465', 'OB Haussier 1.464–1.466', 'OB Haussier 1.465–1.467', 'OB Haussier 1.464–1.466', 'OB Haussier 1.466–1.467', 'OB Haussier 1.463–1.466', 'OB Haussier 1.465–1.467', 'OB Haussier 1.466–1.467', 'OB Haussier 1.467–1.467', 'OB Haussier 1.467–1.468', 'OB Haussier 1.466–1.467', 'OB Haussier 1.465–1.465', 'OB Haussier 1.467–1.468', 'OB Haussier 1.467–1.468', 'OB Haussier 1.467–1.468', 'OB Haussier 1.466–1.467', 'OB Haussier 1.463–1.466', 'OB Haussier 1.464–1.465', 'OB Haussier 1.466–1.467', 'OB Haussier 1.466–1.468', 'OB Haussier 1.466–1.466', 'OB Haussier 1.466–1.467', 'OB Haussier 1.467–1.468', 'OB Haussier 1.465–1.466', 'OB Haussier 1.466–1.468', 'OB Haussier 1.464–1.465', 'OB Haussier 1.466–1.466', 'OB Haussier 1.468–1.468', 'OB Haussier 1.464–1.465']"
300,LONG,WIN,2.0,1.46465,1.46265,1.46865,200,2024-05-02 19:35:00,2024-05-03 16:05:00,244,New York,60.3,bullish,True,Top 1.468 vs préc. 1.465,211,1,3,True,False,London,1.47095,1.4678499999999999,"['OB Baissier 1.467–1.469', 'OB Baissier 1.468–1.470', 'OB Baissier 1.468–1.469', 'OB Baissier 1.466–1.467', 'OB Baissier 1.466–1.467', 'OB Baissier 1.467–1.469', 'OB Baissier 1.469–1.469', 'OB Baissier 1.466–1.468', 'OB Baissier 1.466–1.467', 'OB Baissier 1.469–1.469', 'OB Baissier 1.468–1.470', 'OB Baissier 1.468–1.470', 'OB Baissier 1.465–1.466', 'OB Baissier 1.466–1.468', 'OB Baissier 1.465–1.467', 'OB Baissier 1.468–1.469', 'OB Baissier 1.468–1.469', 'OB Baissier 1.467–1.468', 'OB Baissier 1.468–1.469', 'OB Baissier 1.465–1.467', 'OB Baissier 1.465–1.466', 'OB Baissier 1.468–1.469', 'OB Baissier 1.467–1.468', 'OB Baissier 1.465–1.466', 'OB Baissier 1.465–1.466', 'OB Baissier 1.468–1.470']"
301,LONG,WIN,2.0,1.4659,1.4639,1.4699,200,2024-05-02 18:35:00,2024-05-03 17:30:00,273,New York,60.3,bullish,True,Top 1.471 vs préc. 1.468,319,1,7,True,False,London,1.47095,1.4678499999999999,"['OB Baissier 1.467–1.469', 'OB Baissier 1.468–1.470', 'OB Baissier 1.470–1.471', 'OB Baissier 1.468–1.469', 'OB Baissier 1.466–1.467', 'OB Baissier 1.469–1.470', 'OB Baissier 1.467–1.469', 'OB Baissier 1.469–1.471', 'OB Baissier 1.469–1.470', 'OB Baissier 1.469–1.469', 'OB Baissier 1.466–1.467', 'OB Baissier 1.469–1.469', 'OB Baissier 1.468–1.470', 'OB Baissier 1.469–1.470', 'OB Baissier 1.470–1.471', 'OB Baissier 1.468–1.470', 'OB Baissier 1.470–1.470', 'OB Baissier 1.468–1.469', 'OB Baissier 1.468–1.469', 'OB Baissier 1.467–1.468', 'OB Baissier 1.468–1.469', 'OB Baissier 1.470–1.471', 'OB Baissier 1.468–1.469', 'OB Baissier 1.467–1.468', 'OB Baissier 1.468–1.470']"
302,LONG,LOSS,-1.0,1.47203,1.47003,1.47603,200,2024-05-10 17:30:00,2024-05-10 17:45:00,3,New York,58.6,bullish,True,Top 1.474 vs préc. 1.473,114,1,6,True,True,London,1.47542,1.474,"['OB Baissier 1.475–1.476', 'OB Baissier 1.473–1.475', 'OB Baissier 1.473–1.474', 'OB Baissier 1.474–1.476', 'OB Baissier 1.473–1.474', 'OB Baissier 1.474–1.475', 'OB Baissier 1.475–1.477', 'OB Baissier 1.473–1.474', 'OB Baissier 1.474–1.477', 'OB Baissier 1.474–1.476', 'OB Baissier 1.473–1.474', 'OB Baissier 1.476–1.477', 'OB Baissier 1.473–1.475', 'OB Baissier 1.475–1.476', 'OB Baissier 1.473–1.476', 'OB Baissier 1.474–1.475', 'OB Baissier 1.476–1.476', 'OB Baissier 1.475–1.476', 'OB Baissier 1.473–1.474', 'OB Baissier 1.474–1.475', 'OB Baissier 1.475–1.476', 'OB Baissier 1.475–1.476', 'OB Baissier 1.473–1.475', 'OB Baissier 1.474–1.475', 'OB Baissier 1.475–1.476', 'OB Baissier 1.474–1.475', 'OB Baissier 1.473–1.475', 'OB Baissier 1.474–1.476', 'OB Baissier 1.475–1.475', 'OB Baissier 1.475–1.476', 'OB Baissier 1.473–1.473', 'OB Baissier 1.473–1.476']"
303,LONG,WIN,2.0,1.48048,1.47848,1.48448,200,2024-05-22 15:05:00,2024-05-23 23:00:00,381,New York,73.1,bullish,True,Top 1.482 vs préc. 1.482,138,2,11,False,False,London,1.48294,1.48048,"['OB Baissier 1.483–1.485', 'OB Baissier 1.484–1.486', 'OB Baissier 1.484–1.485', 'OB Baissier 1.481–1.482', 'OB Baissier 1.481–1.482', 'OB Baissier 1.483–1.484', 'OB Baissier 1.482–1.483', 'OB Baissier 1.481–1.482', 'OB Baissier 1.482–1.482', 'OB Baissier 1.481–1.483', 'OB Baissier 1.483–1.487', 'OB Baissier 1.483–1.483', 'OB Baissier 1.482–1.483', 'OB Baissier 1.483–1.484', 'OB Baissier 1.482–1.483', 'OB Baissier 1.483–1.483', 'OB Baissier 1.482–1.482', 'OB Baissier 1.482–1.482', 'OB Baissier 1.482–1.484', 'OB Baissier 1.482–1.483', 'OB Baissier 1.482–1.484', 'OB Baissier 1.482–1.484', 'OB Baissier 1.481–1.484', 'OB Baissier 1.482–1.482', 'OB Baissier 1.483–1.485', 'OB Baissier 1.484–1.485', 'OB Baissier 1.483–1.484', 'OB Baissier 1.483–1.484']"
304,LONG,BE,0.0,1.48581,1.48381,1.48981,200,2024-06-07 17:30:00,2024-06-07 18:00:00,6,New York,65.2,bullish,True,Top 1.490 vs préc. 1.486,163,1,8,True,True,London,1.48997,1.48815,"['OB Baissier 1.489–1.491', 'OB Baissier 1.488–1.489', 'OB Baissier 1.489–1.490', 'OB Baissier 1.489–1.490', 'OB Baissier 1.490–1.490', 'OB Baissier 1.488–1.489', 'OB Baissier 1.487–1.490', 'OB Baissier 1.488–1.488', 'OB Baissier 1.490–1.490', 'OB Baissier 1.489–1.491', 'OB Baissier 1.486–1.488', 'OB Baissier 1.489–1.490', 'OB Baissier 1.486–1.488', 'OB Baissier 1.486–1.488', 'OB Baissier 1.487–1.487', 'OB Baissier 1.490–1.490', 'OB Baissier 1.487–1.488', 'OB Baissier 1.490–1.491', 'OB Baissier 1.486–1.488', 'OB Baissier 1.489–1.491', 'OB Baissier 1.488–1.490', 'OB Baissier 1.488–1.490']"
305,LONG,LOSS,-1.0,1.4876,1.4856,1.4916,200,2024-06-07 17:30:00,2024-06-07 18:00:00,6,New York,65.2,bullish,True,Top 1.490 vs préc. 1.490,187,1,7,True,True,London,1.48997,1.48815,"['OB Baissier 1.489–1.491', 'OB Baissier 1.488–1.489', 'OB Baissier 1.491–1.492', 'OB Baissier 1.489–1.490', 'OB Baissier 1.489–1.490', 'OB Baissier 1.490–1.492', 'OB Baissier 1.490–1.490', 'OB Baissier 1.488–1.489', 'OB Baissier 1.488–1.488', 'OB Baissier 1.491–1.492', 'OB Baissier 1.490–1.490', 'OB Baissier 1.491–1.492', 'OB Baissier 1.489–1.491', 'OB Baissier 1.490–1.490', 'OB Baissier 1.489–1.490', 'OB Baissier 1.490–1.490', 'OB Baissier 1.490–1.490', 'OB Baissier 1.491–1.491', 'OB Baissier 1.491–1.492', 'OB Baissier 1.490–1.491', 'OB Baissier 1.491–1.494', 'OB Baissier 1.489–1.491', 'OB Baissier 1.488–1.490', 'OB Baissier 1.490–1.491', 'OB Baissier 1.488–1.490']"
306,SHORT,LOSS,-1.0,1.48373,1.48573,1.47973,200,2024-06-12 19:30:00,2024-06-12 20:25:00,11,New York,41.2,bearish,True,Bot 1.481 vs préc. 1.482,114,3,12,True,False,London,1.47831,1.47628,"['OB Haussier 1.479–1.484', 'OB Haussier 1.481–1.482', 'OB Haussier 1.481–1.482', 'OB Haussier 1.480–1.481', 'OB Haussier 1.479–1.480', 'OB Haussier 1.480–1.481', 'OB Haussier 1.480–1.481', 'OB Haussier 1.483–1.484', 'OB Haussier 1.481–1.482', 'OB Haussier 1.482–1.482', 'OB Haussier 1.481–1.483', 'OB Haussier 1.479–1.481', 'OB Haussier 1.479–1.480', 'OB Haussier 1.479–1.480', 'OB Haussier 1.480–1.481', 'OB Haussier 1.480–1.481', 'OB Haussier 1.481–1.482', 'OB Haussier 1.481–1.482', 'OB Haussier 1.481–1.482', 'OB Haussier 1.481–1.483']"
307,SHORT,LOSS,-1.0,1.48267,1.48467,1.47867,200,2024-06-12 17:30:00,2024-06-12 19:50:00,28,New York,41.2,bearish,True,Bot 1.479 vs préc. 1.481,244,1,8,True,False,London,1.47831,1.47628,"['OB Haussier 1.477–1.479', 'OB Haussier 1.481–1.482', 'OB Haussier 1.481–1.482', 'OB Haussier 1.480–1.481', 'OB Haussier 1.479–1.480', 'OB Haussier 1.478–1.479', 'OB Haussier 1.480–1.481', 'OB Haussier 1.480–1.481', 'OB Haussier 1.481–1.482', 'OB Haussier 1.478–1.479', 'OB Haussier 1.482–1.482', 'OB Haussier 1.479–1.481', 'OB Haussier 1.479–1.480', 'OB Haussier 1.479–1.480', 'OB Haussier 1.480–1.481', 'OB Haussier 1.480–1.481', 'OB Haussier 1.481–1.482', 'OB Haussier 1.478–1.479', 'OB Haussier 1.479–1.480', 'OB Haussier 1.479–1.480', 'OB Haussier 1.481–1.482', 'OB Haussier 1.481–1.482', 'OB Haussier 1.478–1.479']"
308,SHORT,LOSS,-1.0,1.46639,1.46839,1.46239,200,2024-06-24 14:30:00,2024-06-24 17:00:00,30,New York,36.3,bearish,True,Bot 1.463 vs préc. 1.471,239,3,21,True,False,London,1.46601,1.46424,"['OB Haussier 1.460–1.463', 'OB Haussier 1.462–1.464', 'OB Haussier 1.463–1.465', 'OB Haussier 1.462–1.463', 'OB Haussier 1.463–1.464', 'OB Haussier 1.463–1.465', 'OB Haussier 1.462–1.463', 'OB Haussier 1.464–1.466', 'OB Haussier 1.463–1.464', 'OB Haussier 1.458–1.464', 'OB Haussier 1.463–1.466', 'OB Haussier 1.462–1.463', 'OB Haussier 1.463–1.464', 'OB Haussier 1.465–1.465', 'OB Haussier 1.463–1.464', 'OB Haussier 1.462–1.463', 'OB Haussier 1.463–1.465', 'OB Haussier 1.462–1.464', 'OB Haussier 1.463–1.466', 'OB Haussier 1.463–1.464', 'OB Haussier 1.464–1.465', 'OB Haussier 1.463–1.464', 'OB Haussier 1.461–1.463', 'OB Haussier 1.462–1.463', 'OB Haussier 1.465–1.466', 'OB Haussier 1.464–1.465', 'OB Haussier 1.466–1.466', 'OB Haussier 1.464–1.465']"
309,LONG,LOSS,-1.0,1.49916,1.49716,1.50316,200,2024-07-25 18:25:00,2024-07-25 18:35:00,2,New York,70.9,bullish,True,Top 1.501 vs préc. 1.494,141,1,28,False,True,London,1.50027,1.49749,"['OB Baissier 1.500–1.503', 'OB Baissier 1.503–1.505', 'OB Baissier 1.499–1.500', 'OB Baissier 1.503–1.504', 'OB Baissier 1.500–1.500', 'OB Baissier 1.501–1.506', 'OB Baissier 1.500–1.501', 'OB Baissier 1.500–1.501', 'OB Baissier 1.503–1.506', 'OB Baissier 1.502–1.503', 'OB Baissier 1.501–1.503', 'OB Baissier 1.502–1.505', 'OB Baissier 1.501–1.501', 'OB Baissier 1.500–1.502', 'OB Baissier 1.501–1.503', 'OB Baissier 1.503–1.503', 'OB Baissier 1.501–1.502', 'OB Baissier 1.502–1.503', 'OB Baissier 1.503–1.504', 'OB Baissier 1.501–1.502', 'OB Baissier 1.502–1.503', 'OB Baissier 1.503–1.504', 'OB Baissier 1.502–1.503', 'OB Baissier 1.502–1.503', 'OB Baissier 1.503–1.508']"
310,SHORT,BE,0.0,1.4978099999999999,1.4998099999999999,1.4938099999999999,200,2024-08-01 23:40:00,2024-08-02 12:50:00,156,New York,38.1,bearish,True,Bot 1.496 vs préc. 1.497,157,1,8,True,True,London,1.49574,1.4914100000000001,"['OB Haussier 1.494–1.496', 'OB Haussier 1.497–1.497', 'OB Haussier 1.496–1.497', 'OB Haussier 1.497–1.498', 'OB Haussier 1.496–1.497', 'OB Haussier 1.493–1.495', 'OB Haussier 1.495–1.496', 'OB Haussier 1.494–1.496', 'OB Haussier 1.497–1.497', 'OB Haussier 1.494–1.494', 'OB Haussier 1.496–1.497', 'OB Haussier 1.494–1.495', 'OB Haussier 1.496–1.497', 'OB Haussier 1.495–1.496', 'OB Haussier 1.494–1.496', 'OB Haussier 1.493–1.494', 'OB Haussier 1.496–1.497', 'OB Haussier 1.497–1.497', 'OB Haussier 1.494–1.495', 'OB Haussier 1.496–1.497', 'OB Haussier 1.494–1.497', 'OB Haussier 1.493–1.494', 'OB Haussier 1.496–1.498']"
311,LONG,WIN,2.0,1.51357,1.51157,1.51757,200,2024-08-05 11:25:00,2024-08-05 12:05:00,8,London,59.4,bullish,True,Top 1.517 vs préc. 1.514,202,1,8,False,True,Tokyo,1.51615,1.51246,"['OB Baissier 1.516–1.517', 'OB Baissier 1.515–1.517', 'OB Baissier 1.516–1.519', 'OB Baissier 1.514–1.516', 'OB Baissier 1.518–1.519', 'OB Baissier 1.516–1.517', 'OB Baissier 1.516–1.517', 'OB Baissier 1.515–1.519', 'OB Baissier 1.515–1.516']"
312,SHORT,BE,0.0,1.50275,1.50475,1.49875,200,2024-08-12 20:25:00,2024-08-13 04:50:00,99,New York,36.4,bearish,True,Bot 1.500 vs préc. 1.512,142,1,10,True,False,London,1.50017,1.49782,"['OB Haussier 1.500–1.502', 'OB Haussier 1.501–1.502', 'OB Haussier 1.502–1.503', 'OB Haussier 1.498–1.499', 'OB Haussier 1.498–1.500', 'OB Haussier 1.499–1.501', 'OB Haussier 1.499–1.500', 'OB Haussier 1.501–1.502', 'OB Haussier 1.495–1.500', 'OB Haussier 1.500–1.501', 'OB Haussier 1.501–1.501', 'OB Haussier 1.499–1.499', 'OB Haussier 1.498–1.499', 'OB Haussier 1.500–1.501', 'OB Haussier 1.499–1.501', 'OB Haussier 1.500–1.501', 'OB Haussier 1.500–1.501']"
313,LONG,WIN,2.0,1.50853,1.50653,1.51253,200,2024-08-20 12:35:00,2024-08-20 18:10:00,67,London,70.1,bullish,True,Top 1.511 vs préc. 1.509,102,1,7,True,False,Tokyo,1.5118200000000002,1.51011,"['OB Baissier 1.509–1.511', 'OB Baissier 1.510–1.511', 'OB Baissier 1.509–1.509', 'OB Baissier 1.510–1.511', 'OB Baissier 1.511–1.513']"
314,LONG,WIN,2.0,1.49675,1.49475,1.50075,200,2024-09-06 17:30:00,2024-09-06 17:35:00,1,New York,63.0,bullish,True,Top 1.500 vs préc. 1.498,188,1,12,True,True,London,1.5015100000000001,1.4994,"['OB Baissier 1.500–1.503', 'OB Baissier 1.499–1.500', 'OB Baissier 1.498–1.498', 'OB Baissier 1.500–1.500', 'OB Baissier 1.501–1.506', 'OB Baissier 1.499–1.503', 'OB Baissier 1.500–1.501', 'OB Baissier 1.500–1.501', 'OB Baissier 1.498–1.499', 'OB Baissier 1.501–1.503', 'OB Baissier 1.501–1.501', 'OB Baissier 1.500–1.502', 'OB Baissier 1.497–1.498', 'OB Baissier 1.498–1.499', 'OB Baissier 1.497–1.498', 'OB Baissier 1.499–1.503', 'OB Baissier 1.501–1.502', 'OB Baissier 1.498–1.499', 'OB Baissier 1.498–1.500', 'OB Baissier 1.499–1.500', 'OB Baissier 1.499–1.500']"
315,LONG,WIN,2.0,1.49548,1.49348,1.49948,200,2024-09-10 02:05:00,2024-09-10 19:10:00,205,Tokyo,58.4,bullish,True,Top 1.502 vs préc. 1.500,238,1,10,True,False,New York,1.5,1.49665,"['OB Baissier 1.496–1.497', 'OB Baissier 1.497–1.498', 'OB Baissier 1.499–1.500', 'OB Baissier 1.498–1.498', 'OB Baissier 1.496–1.497', 'OB Baissier 1.499–1.503', 'OB Baissier 1.496–1.497', 'OB Baissier 1.498–1.499', 'OB Baissier 1.496–1.498', 'OB Baissier 1.497–1.498', 'OB Baissier 1.496–1.497', 'OB Baissier 1.498–1.499', 'OB Baissier 1.497–1.498', 'OB Baissier 1.499–1.503', 'OB Baissier 1.498–1.499', 'OB Baissier 1.496–1.498', 'OB Baissier 1.497–1.500', 'OB Baissier 1.496–1.497', 'OB Baissier 1.496–1.497', 'OB Baissier 1.496–1.497', 'OB Baissier 1.496–1.497', 'OB Baissier 1.498–1.500', 'OB Baissier 1.499–1.500', 'OB Baissier 1.499–1.500']"
316,LONG,LOSS,-1.0,1.5114,1.5094,1.5154,200,2024-09-23 12:15:00,2024-09-23 12:30:00,3,London,62.5,bullish,True,Top 1.513 vs préc. 1.512,106,1,2,True,False,Tokyo,1.51471,1.5127899999999999,"['OB Baissier 1.515–1.517', 'OB Baissier 1.514–1.516', 'OB Baissier 1.515–1.519', 'OB Baissier 1.514–1.514', 'OB Baissier 1.513–1.514', 'OB Baissier 1.513–1.514', 'OB Baissier 1.515–1.516']"
317,SHORT,WIN,2.0,1.50632,1.50832,1.50232,200,2024-09-26 20:45:00,2024-09-27 11:50:00,179,New York,42.1,bearish,True,Bot 1.500 vs préc. 1.506,497,1,12,True,False,London,1.50302,1.49901,"['OB Haussier 1.501–1.503', 'OB Haussier 1.503–1.504', 'OB Haussier 1.503–1.504', 'OB Haussier 1.505–1.506', 'OB Haussier 1.503–1.504', 'OB Haussier 1.502–1.503', 'OB Haussier 1.503–1.505', 'OB Haussier 1.502–1.503', 'OB Haussier 1.504–1.506', 'OB Haussier 1.503–1.504', 'OB Haussier 1.502–1.504', 'OB Haussier 1.503–1.504', 'OB Haussier 1.506–1.506', 'OB Haussier 1.502–1.503', 'OB Haussier 1.503–1.505', 'OB Haussier 1.503–1.504', 'OB Haussier 1.501–1.504', 'OB Haussier 1.505–1.506']"
318,SHORT,BE,0.0,1.50302,1.50502,1.49902,200,2024-09-26 16:50:00,2024-09-26 18:25:00,19,New York,42.1,bearish,False,Bot 1.501 vs préc. 1.500,115,1,9,True,False,London,1.50302,1.49901,"['OB Haussier 1.500–1.502', 'OB Haussier 1.501–1.502', 'OB Haussier 1.502–1.503', 'OB Haussier 1.498–1.500', 'OB Haussier 1.499–1.501', 'OB Haussier 1.499–1.500', 'OB Haussier 1.501–1.502', 'OB Haussier 1.495–1.500', 'OB Haussier 1.500–1.501', 'OB Haussier 1.501–1.501', 'OB Haussier 1.499–1.499', 'OB Haussier 1.498–1.499', 'OB Haussier 1.500–1.501', 'OB Haussier 1.499–1.501', 'OB Haussier 1.500–1.501', 'OB Haussier 1.500–1.501']"
319,LONG,BE,0.0,1.50622,1.50422,1.51022,200,2024-09-30 19:25:00,2024-09-30 20:15:00,10,New York,58.3,bullish,True,Top 1.509 vs préc. 1.507,168,1,12,True,False,London,1.5151,1.5068000000000001,"['OB Baissier 1.509–1.511', 'OB Baissier 1.507–1.509', 'OB Baissier 1.509–1.509', 'OB Baissier 1.510–1.511', 'OB Baissier 1.508–1.509', 'OB Baissier 1.508–1.510', 'OB Baissier 1.507–1.508', 'OB Baissier 1.507–1.512', 'OB Baissier 1.507–1.509']"
320,LONG,LOSS,-1.0,1.50796,1.50596,1.51196,200,2024-09-30 18:20:00,2024-09-30 19:35:00,15,New York,58.3,bullish,True,Top 1.512 vs préc. 1.509,329,1,2,False,False,London,1.5151,1.5068000000000001,"['OB Baissier 1.509–1.511', 'OB Baissier 1.510–1.511', 'OB Baissier 1.509–1.509', 'OB Baissier 1.510–1.511', 'OB Baissier 1.508–1.510', 'OB Baissier 1.511–1.513']"
321,SHORT,BE,0.0,1.49352,1.49552,1.48952,200,2024-10-03 13:25:00,2024-10-03 22:05:00,104,London,35.5,bearish,True,Bot 1.489 vs préc. 1.501,183,1,16,True,False,Tokyo,1.49212,1.49009,"['OB Haussier 1.490–1.493', 'OB Haussier 1.489–1.491', 'OB Haussier 1.492–1.493', 'OB Haussier 1.492–1.493', 'OB Haussier 1.490–1.491', 'OB Haussier 1.490–1.491', 'OB Haussier 1.490–1.491', 'OB Haussier 1.490–1.491', 'OB Haussier 1.489–1.491', 'OB Haussier 1.491–1.492', 'OB Haussier 1.490–1.491', 'OB Haussier 1.490–1.491', 'OB Haussier 1.492–1.493', 'OB Haussier 1.492–1.493', 'OB Haussier 1.490–1.492', 'OB Haussier 1.491–1.492', 'OB Haussier 1.493–1.493', 'OB Haussier 1.489–1.490', 'OB Haussier 1.488–1.490', 'OB Haussier 1.489–1.491', 'OB Haussier 1.491–1.493', 'OB Haussier 1.488–1.490', 'OB Haussier 1.489–1.491']"
322,LONG,WIN,2.0,1.5005199999999999,1.4985199999999999,1.5045199999999999,200,2024-10-10 17:30:00,2024-10-10 18:15:00,9,New York,66.3,bullish,True,Top 1.503 vs préc. 1.494,104,1,5,False,True,London,1.50198,1.49913,"['OB Baissier 1.503–1.505', 'OB Baissier 1.503–1.504', 'OB Baissier 1.501–1.506', 'OB Baissier 1.503–1.506', 'OB Baissier 1.502–1.503', 'OB Baissier 1.502–1.505', 'OB Baissier 1.501–1.501', 'OB Baissier 1.501–1.503', 'OB Baissier 1.503–1.503', 'OB Baissier 1.501–1.502', 'OB Baissier 1.502–1.503', 'OB Baissier 1.503–1.504', 'OB Baissier 1.504–1.506', 'OB Baissier 1.501–1.502', 'OB Baissier 1.502–1.503', 'OB Baissier 1.503–1.504', 'OB Baissier 1.502–1.503', 'OB Baissier 1.502–1.503', 'OB Baissier 1.503–1.508', 'OB Baissier 1.504–1.505']"
323,LONG,LOSS,-1.0,1.50315,1.50115,1.50715,200,2024-10-15 21:20:00,2024-10-16 00:50:00,42,New York,67.0,bullish,True,Top 1.505 vs préc. 1.505,117,1,3,True,True,London,1.50683,1.50315,"['OB Baissier 1.505–1.507', 'OB Baissier 1.505–1.507', 'OB Baissier 1.506–1.507', 'OB Baissier 1.505–1.506', 'OB Baissier 1.506–1.507', 'OB Baissier 1.504–1.506', 'OB Baissier 1.505–1.506', 'OB Baissier 1.507–1.512', 'OB Baissier 1.504–1.505']"
324,SHORT,LOSS,-1.0,1.49468,1.49668,1.49068,200,2024-10-24 19:05:00,2024-10-24 20:50:00,21,New York,31.7,bearish,True,Bot 1.493 vs préc. 1.493,155,1,4,True,False,London,1.49294,1.48862,"['OB Haussier 1.490–1.493', 'OB Haussier 1.489–1.491', 'OB Haussier 1.493–1.494', 'OB Haussier 1.492–1.493', 'OB Haussier 1.492–1.493', 'OB Haussier 1.493–1.495', 'OB Haussier 1.492–1.494', 'OB Haussier 1.490–1.491', 'OB Haussier 1.490–1.491', 'OB Haussier 1.493–1.494', 'OB Haussier 1.490–1.491', 'OB Haussier 1.490–1.491', 'OB Haussier 1.489–1.491', 'OB Haussier 1.491–1.492', 'OB Haussier 1.490–1.491', 'OB Haussier 1.490–1.491', 'OB Haussier 1.492–1.493', 'OB Haussier 1.494–1.494', 'OB Haussier 1.492–1.493', 'OB Haussier 1.490–1.492', 'OB Haussier 1.491–1.492', 'OB Haussier 1.493–1.494', 'OB Haussier 1.493–1.493', 'OB Haussier 1.489–1.491', 'OB Haussier 1.491–1.493', 'OB Haussier 1.493–1.494']"
325,SHORT,WIN,2.0,1.49333,1.49533,1.48933,200,2024-10-23 19:30:00,2024-10-24 12:15:00,199,New York,34.3,bearish,True,Bot 1.491 vs préc. 1.493,212,1,6,True,True,London,1.49336,1.4898799999999999,"['OB Haussier 1.490–1.493', 'OB Haussier 1.489–1.491', 'OB Haussier 1.492–1.493', 'OB Haussier 1.492–1.493', 'OB Haussier 1.490–1.491', 'OB Haussier 1.490–1.491', 'OB Haussier 1.490–1.491', 'OB Haussier 1.490–1.491', 'OB Haussier 1.489–1.491', 'OB Haussier 1.491–1.492', 'OB Haussier 1.490–1.491', 'OB Haussier 1.490–1.491', 'OB Haussier 1.492–1.493', 'OB Haussier 1.492–1.493', 'OB Haussier 1.490–1.492', 'OB Haussier 1.491–1.492', 'OB Haussier 1.493–1.493', 'OB Haussier 1.489–1.490', 'OB Haussier 1.488–1.490', 'OB Haussier 1.489–1.491', 'OB Haussier 1.491–1.493', 'OB Haussier 1.488–1.490', 'OB Haussier 1.489–1.491']"
326,LONG,WIN,2.0,1.49882,1.49682,1.50282,200,2024-10-29 16:30:00,2024-10-29 20:15:00,45,New York,61.4,bullish,True,Top 1.502 vs préc. 1.498,258,1,6,True,False,London,1.50252,1.50071,"['OB Baissier 1.500–1.503', 'OB Baissier 1.499–1.500', 'OB Baissier 1.503–1.504', 'OB Baissier 1.500–1.500', 'OB Baissier 1.501–1.506', 'OB Baissier 1.499–1.503', 'OB Baissier 1.500–1.501', 'OB Baissier 1.500–1.501', 'OB Baissier 1.502–1.503', 'OB Baissier 1.501–1.503', 'OB Baissier 1.502–1.505', 'OB Baissier 1.501–1.501', 'OB Baissier 1.500–1.502', 'OB Baissier 1.501–1.503', 'OB Baissier 1.503–1.503', 'OB Baissier 1.499–1.503', 'OB Baissier 1.501–1.502', 'OB Baissier 1.502–1.503', 'OB Baissier 1.503–1.504', 'OB Baissier 1.501–1.502', 'OB Baissier 1.502–1.503', 'OB Baissier 1.503–1.504', 'OB Baissier 1.502–1.503', 'OB Baissier 1.502–1.503', 'OB Baissier 1.503–1.508', 'OB Baissier 1.499–1.500']"
327,LONG,WIN,2.0,1.5097399999999999,1.5077399999999999,1.5137399999999999,200,2024-11-05 18:55:00,2024-11-05 21:15:00,28,New York,70.8,bullish,True,Top 1.512 vs préc. 1.509,123,1,6,True,True,London,1.5127899999999999,1.51101,"['OB Baissier 1.510–1.511', 'OB Baissier 1.514–1.514', 'OB Baissier 1.510–1.511', 'OB Baissier 1.513–1.514', 'OB Baissier 1.513–1.514', 'OB Baissier 1.511–1.513']"
328,LONG,LOSS,-1.0,1.5118800000000001,1.50988,1.5158800000000001,200,2024-11-04 19:20:00,2024-11-05 18:55:00,281,New York,83.3,bullish,False,Top 1.514 vs préc. 1.514,192,1,28,True,False,London,1.5169899999999998,1.51386,"['OB Baissier 1.515–1.517', 'OB Baissier 1.514–1.516', 'OB Baissier 1.516–1.517', 'OB Baissier 1.515–1.519', 'OB Baissier 1.514–1.514', 'OB Baissier 1.513–1.514', 'OB Baissier 1.513–1.514', 'OB Baissier 1.515–1.516']"
329,SHORT,LOSS,-1.0,1.48437,1.48637,1.48037,200,2024-11-15 10:15:00,2024-11-15 16:10:00,71,London,35.3,bearish,True,Bot 1.481 vs préc. 1.486,138,1,18,True,False,Tokyo,1.48247,1.4786000000000001,"['OB Haussier 1.479–1.484', 'OB Haussier 1.481–1.482', 'OB Haussier 1.483–1.484', 'OB Haussier 1.481–1.482', 'OB Haussier 1.482–1.484', 'OB Haussier 1.480–1.481', 'OB Haussier 1.480–1.481', 'OB Haussier 1.480–1.481', 'OB Haussier 1.483–1.484', 'OB Haussier 1.481–1.482', 'OB Haussier 1.482–1.482', 'OB Haussier 1.483–1.484', 'OB Haussier 1.481–1.483', 'OB Haussier 1.479–1.481', 'OB Haussier 1.480–1.481', 'OB Haussier 1.480–1.481', 'OB Haussier 1.481–1.482', 'OB Haussier 1.481–1.482', 'OB Haussier 1.481–1.482', 'OB Haussier 1.481–1.483']"
330,SHORT,LOSS,-1.0,1.47851,1.48051,1.47451,200,2024-11-14 17:35:00,2024-11-14 17:40:00,1,New York,22.7,bearish,True,Bot 1.473 vs préc. 1.481,309,1,3,True,True,London,1.47862,1.4718,"['OB Haussier 1.471–1.475', 'OB Haussier 1.474–1.477', 'OB Haussier 1.474–1.477', 'OB Haussier 1.477–1.478', 'OB Haussier 1.477–1.478', 'OB Haussier 1.476–1.478', 'OB Haussier 1.476–1.476', 'OB Haussier 1.475–1.476', 'OB Haussier 1.474–1.475', 'OB Haussier 1.475–1.475', 'OB Haussier 1.476–1.476', 'OB Haussier 1.476–1.477', 'OB Haussier 1.474–1.476', 'OB Haussier 1.474–1.476', 'OB Haussier 1.474–1.477', 'OB Haussier 1.475–1.476', 'OB Haussier 1.476–1.477', 'OB Haussier 1.477–1.478', 'OB Haussier 1.476–1.477', 'OB Haussier 1.474–1.475', 'OB Haussier 1.475–1.476', 'OB Haussier 1.477–1.478', 'OB Haussier 1.474–1.475', 'OB Haussier 1.474–1.475', 'OB Haussier 1.478–1.478', 'OB Haussier 1.477–1.478', 'OB Haussier 1.477–1.478', 'OB Haussier 1.476–1.477']"
331,SHORT,WIN,2.0,1.47024,1.47224,1.46624,200,2024-11-25 17:15:00,2024-11-25 19:45:00,30,New York,36.9,bearish,True,Bot 1.464 vs préc. 1.471,412,1,9,True,False,London,1.46489,1.45945,"['OB Haussier 1.467–1.468', 'OB Haussier 1.464–1.467', 'OB Haussier 1.468–1.469', 'OB Haussier 1.465–1.467', 'OB Haussier 1.468–1.469', 'OB Haussier 1.468–1.470', 'OB Haussier 1.468–1.470', 'OB Haussier 1.467–1.470', 'OB Haussier 1.464–1.466', 'OB Haussier 1.465–1.467', 'OB Haussier 1.468–1.469', 'OB Haussier 1.466–1.467', 'OB Haussier 1.465–1.467', 'OB Haussier 1.466–1.467', 'OB Haussier 1.467–1.467', 'OB Haussier 1.467–1.468', 'OB Haussier 1.466–1.467', 'OB Haussier 1.467–1.468', 'OB Haussier 1.467–1.468', 'OB Haussier 1.467–1.468', 'OB Haussier 1.468–1.470', 'OB Haussier 1.466–1.467', 'OB Haussier 1.466–1.467', 'OB Haussier 1.466–1.468', 'OB Haussier 1.466–1.466', 'OB Haussier 1.466–1.467', 'OB Haussier 1.467–1.468', 'OB Haussier 1.466–1.468', 'OB Haussier 1.468–1.468']"
332,SHORT,LOSS,-1.0,1.46529,1.46729,1.46129,200,2024-11-25 16:10:00,2024-11-25 16:15:00,1,New York,36.9,bearish,True,Bot 1.459 vs préc. 1.464,515,1,5,True,False,London,1.46489,1.45945,"['OB Haussier 1.460–1.463', 'OB Haussier 1.462–1.464', 'OB Haussier 1.463–1.465', 'OB Haussier 1.462–1.463', 'OB Haussier 1.463–1.464', 'OB Haussier 1.461–1.462', 'OB Haussier 1.462–1.463', 'OB Haussier 1.463–1.464', 'OB Haussier 1.461–1.462', 'OB Haussier 1.458–1.464', 'OB Haussier 1.462–1.463', 'OB Haussier 1.463–1.464', 'OB Haussier 1.463–1.464', 'OB Haussier 1.462–1.463', 'OB Haussier 1.463–1.465', 'OB Haussier 1.462–1.464', 'OB Haussier 1.463–1.464', 'OB Haussier 1.464–1.465', 'OB Haussier 1.461–1.462', 'OB Haussier 1.463–1.464', 'OB Haussier 1.461–1.463', 'OB Haussier 1.461–1.462', 'OB Haussier 1.462–1.463', 'OB Haussier 1.464–1.465', 'OB Haussier 1.464–1.465']"
333,LONG,WIN,2.0,1.49557,1.49357,1.49957,200,2024-12-23 13:55:00,2024-12-23 16:45:00,34,London,64.6,bullish,True,Top 1.498 vs préc. 1.496,177,1,18,True,False,Tokyo,1.5005199999999999,1.49738,"['OB Baissier 1.496–1.497', 'OB Baissier 1.497–1.498', 'OB Baissier 1.499–1.500', 'OB Baissier 1.498–1.498', 'OB Baissier 1.496–1.497', 'OB Baissier 1.499–1.503', 'OB Baissier 1.496–1.497', 'OB Baissier 1.498–1.499', 'OB Baissier 1.496–1.498', 'OB Baissier 1.497–1.498', 'OB Baissier 1.496–1.497', 'OB Baissier 1.498–1.499', 'OB Baissier 1.497–1.498', 'OB Baissier 1.499–1.503', 'OB Baissier 1.498–1.499', 'OB Baissier 1.496–1.498', 'OB Baissier 1.497–1.500', 'OB Baissier 1.496–1.497', 'OB Baissier 1.496–1.497', 'OB Baissier 1.498–1.500', 'OB Baissier 1.499–1.500', 'OB Baissier 1.499–1.500']"
334,LONG,LOSS,-1.0,1.49655,1.49455,1.50055,200,2024-12-23 20:25:00,2024-12-23 20:45:00,4,New York,64.6,bullish,True,Top 1.500 vs préc. 1.498,224,1,15,False,True,London,1.4999500000000001,1.49539,"['OB Baissier 1.497–1.498', 'OB Baissier 1.500–1.503', 'OB Baissier 1.499–1.500', 'OB Baissier 1.498–1.498', 'OB Baissier 1.500–1.500', 'OB Baissier 1.499–1.503', 'OB Baissier 1.500–1.501', 'OB Baissier 1.500–1.501', 'OB Baissier 1.498–1.499', 'OB Baissier 1.501–1.503', 'OB Baissier 1.500–1.502', 'OB Baissier 1.497–1.498', 'OB Baissier 1.498–1.499', 'OB Baissier 1.497–1.498', 'OB Baissier 1.499–1.503', 'OB Baissier 1.498–1.499', 'OB Baissier 1.498–1.500', 'OB Baissier 1.499–1.500', 'OB Baissier 1.499–1.500']"
335,LONG,LOSS,-1.0,1.49559,1.49359,1.49959,200,2024-12-30 18:50:00,2024-12-30 18:55:00,1,New York,61.8,bullish,True,Top 1.500 vs préc. 1.496,246,3,5,True,True,London,1.50227,1.4988299999999999,"['OB Baissier 1.496–1.497', 'OB Baissier 1.497–1.498', 'OB Baissier 1.499–1.500', 'OB Baissier 1.498–1.498', 'OB Baissier 1.496–1.497', 'OB Baissier 1.499–1.503', 'OB Baissier 1.496–1.497', 'OB Baissier 1.500–1.501', 'OB Baissier 1.498–1.499', 'OB Baissier 1.496–1.498', 'OB Baissier 1.497–1.498', 'OB Baissier 1.496–1.497', 'OB Baissier 1.498–1.499', 'OB Baissier 1.497–1.498', 'OB Baissier 1.499–1.503', 'OB Baissier 1.498–1.499', 'OB Baissier 1.496–1.498', 'OB Baissier 1.497–1.500', 'OB Baissier 1.496–1.497', 'OB Baissier 1.496–1.497', 'OB Baissier 1.498–1.500', 'OB Baissier 1.499–1.500', 'OB Baissier 1.499–1.500']"
336,LONG,WIN,2.0,1.4996399999999999,1.4976399999999999,1.5036399999999999,200,2024-12-30 12:10:00,2024-12-30 16:00:00,46,London,61.8,bullish,True,Top 1.502 vs préc. 1.500,113,1,11,True,False,Tokyo,1.5034100000000001,1.49989,"['OB Baissier 1.500–1.503', 'OB Baissier 1.503–1.505', 'OB Baissier 1.503–1.504', 'OB Baissier 1.500–1.500', 'OB Baissier 1.501–1.506', 'OB Baissier 1.500–1.501', 'OB Baissier 1.503–1.506', 'OB Baissier 1.502–1.503', 'OB Baissier 1.501–1.503', 'OB Baissier 1.502–1.505', 'OB Baissier 1.501–1.501', 'OB Baissier 1.500–1.502', 'OB Baissier 1.501–1.503', 'OB Baissier 1.503–1.503', 'OB Baissier 1.501–1.502', 'OB Baissier 1.502–1.503', 'OB Baissier 1.503–1.504', 'OB Baissier 1.501–1.502', 'OB Baissier 1.502–1.503', 'OB Baissier 1.503–1.504', 'OB Baissier 1.502–1.503', 'OB Baissier 1.502–1.503', 'OB Baissier 1.503–1.508']"
337,SHORT,WIN,2.0,1.48796,1.48996,1.48396,200,2025-01-03 19:20:00,2025-01-06 08:50:00,160,New York,34.9,bearish,True,Bot 1.480 vs préc. 1.490,630,1,23,True,False,London,1.48248,1.47797,"['OB Haussier 1.483–1.485', 'OB Haussier 1.483–1.484', 'OB Haussier 1.484–1.485', 'OB Haussier 1.486–1.487', 'OB Haussier 1.485–1.487', 'OB Haussier 1.486–1.487', 'OB Haussier 1.486–1.486', 'OB Haussier 1.485–1.486', 'OB Haussier 1.486–1.487', 'OB Haussier 1.485–1.487', 'OB Haussier 1.486–1.487', 'OB Haussier 1.486–1.487', 'OB Haussier 1.485–1.487', 'OB Haussier 1.484–1.485']"
338,SHORT,BE,0.0,1.47812,1.48012,1.47412,200,2025-01-14 17:30:00,2025-01-14 19:00:00,18,New York,44.5,bearish,True,Bot 1.476 vs préc. 1.479,145,1,18,True,False,London,1.47568,1.47319,"['OB Haussier 1.471–1.475', 'OB Haussier 1.474–1.477', 'OB Haussier 1.474–1.477', 'OB Haussier 1.476–1.478', 'OB Haussier 1.476–1.476', 'OB Haussier 1.475–1.476', 'OB Haussier 1.474–1.475', 'OB Haussier 1.475–1.475', 'OB Haussier 1.476–1.476', 'OB Haussier 1.476–1.477', 'OB Haussier 1.474–1.476', 'OB Haussier 1.472–1.474', 'OB Haussier 1.474–1.476', 'OB Haussier 1.474–1.477', 'OB Haussier 1.473–1.474', 'OB Haussier 1.475–1.476', 'OB Haussier 1.476–1.477', 'OB Haussier 1.476–1.477', 'OB Haussier 1.474–1.475', 'OB Haussier 1.475–1.476', 'OB Haussier 1.474–1.475', 'OB Haussier 1.474–1.475', 'OB Haussier 1.477–1.478', 'OB Haussier 1.476–1.477']"
339,SHORT,LOSS,-1.0,1.47561,1.47761,1.47161,200,2025-01-14 13:05:00,2025-01-14 17:25:00,52,London,44.5,bearish,True,Bot 1.472 vs préc. 1.476,139,3,7,True,False,Tokyo,1.47543,1.47065,"['OB Haussier 1.471–1.475', 'OB Haussier 1.473–1.474', 'OB Haussier 1.471–1.472', 'OB Haussier 1.472–1.473', 'OB Haussier 1.475–1.476', 'OB Haussier 1.474–1.475', 'OB Haussier 1.470–1.473', 'OB Haussier 1.471–1.472', 'OB Haussier 1.470–1.472', 'OB Haussier 1.475–1.475', 'OB Haussier 1.472–1.473', 'OB Haussier 1.471–1.472', 'OB Haussier 1.472–1.474', 'OB Haussier 1.470–1.472', 'OB Haussier 1.472–1.474', 'OB Haussier 1.472–1.474', 'OB Haussier 1.471–1.472', 'OB Haussier 1.472–1.473', 'OB Haussier 1.472–1.473', 'OB Haussier 1.471–1.473', 'OB Haussier 1.473–1.474', 'OB Haussier 1.471–1.472', 'OB Haussier 1.471–1.472', 'OB Haussier 1.472–1.473', 'OB Haussier 1.473–1.474', 'OB Haussier 1.471–1.472', 'OB Haussier 1.471–1.472', 'OB Haussier 1.472–1.473', 'OB Haussier 1.472–1.473', 'OB Haussier 1.474–1.475', 'OB Haussier 1.474–1.475', 'OB Haussier 1.474–1.475']"
340,LONG,BE,0.0,1.49432,1.49232,1.49832,200,2025-01-21 18:10:00,2025-01-21 19:05:00,11,New York,77.2,bullish,True,Top 1.498 vs préc. 1.494,117,1,22,False,False,London,1.4997,1.4923600000000001,"['OB Baissier 1.496–1.497', 'OB Baissier 1.497–1.498', 'OB Baissier 1.494–1.496', 'OB Baissier 1.498–1.498', 'OB Baissier 1.496–1.497', 'OB Baissier 1.496–1.497', 'OB Baissier 1.498–1.499', 'OB Baissier 1.496–1.498', 'OB Baissier 1.495–1.496', 'OB Baissier 1.495–1.496', 'OB Baissier 1.497–1.498', 'OB Baissier 1.496–1.497', 'OB Baissier 1.497–1.498', 'OB Baissier 1.495–1.496', 'OB Baissier 1.498–1.499', 'OB Baissier 1.496–1.498', 'OB Baissier 1.497–1.500', 'OB Baissier 1.494–1.497', 'OB Baissier 1.496–1.497', 'OB Baissier 1.495–1.496', 'OB Baissier 1.496–1.497', 'OB Baissier 1.496–1.497', 'OB Baissier 1.496–1.497', 'OB Baissier 1.498–1.500']"
341,LONG,WIN,2.0,1.49916,1.49716,1.50316,200,2025-01-28 17:15:00,2025-01-29 09:00:00,187,New York,73.0,bullish,True,Top 1.506 vs préc. 1.503,401,1,13,True,False,London,1.50351,1.5010599999999998,"['OB Baissier 1.500–1.503', 'OB Baissier 1.503–1.505', 'OB Baissier 1.499–1.500', 'OB Baissier 1.503–1.504', 'OB Baissier 1.500–1.500', 'OB Baissier 1.501–1.506', 'OB Baissier 1.500–1.501', 'OB Baissier 1.500–1.501', 'OB Baissier 1.503–1.506', 'OB Baissier 1.502–1.503', 'OB Baissier 1.501–1.503', 'OB Baissier 1.502–1.505', 'OB Baissier 1.501–1.501', 'OB Baissier 1.500–1.502', 'OB Baissier 1.501–1.503', 'OB Baissier 1.503–1.503', 'OB Baissier 1.501–1.502', 'OB Baissier 1.502–1.503', 'OB Baissier 1.503–1.504', 'OB Baissier 1.501–1.502', 'OB Baissier 1.502–1.503', 'OB Baissier 1.503–1.504', 'OB Baissier 1.502–1.503', 'OB Baissier 1.502–1.503', 'OB Baissier 1.503–1.508']"
342,LONG,LOSS,-1.0,1.50616,1.50416,1.51016,200,2025-01-28 02:05:00,2025-01-28 02:20:00,3,Tokyo,73.0,bullish,True,Top 1.508 vs préc. 1.506,113,1,5,True,False,New York,1.51292,1.50719,"['OB Baissier 1.509–1.511', 'OB Baissier 1.507–1.509', 'OB Baissier 1.509–1.509', 'OB Baissier 1.510–1.511', 'OB Baissier 1.508–1.509', 'OB Baissier 1.508–1.510', 'OB Baissier 1.507–1.508', 'OB Baissier 1.507–1.512', 'OB Baissier 1.507–1.509']"
343,LONG,BE,0.0,1.49709,1.49509,1.50109,200,2025-02-03 20:55:00,2025-02-03 22:10:00,15,New York,63.5,bullish,False,Top 1.503 vs préc. 1.508,464,1,5,True,False,London,1.5110700000000001,1.5018799999999999,"['OB Baissier 1.500–1.503', 'OB Baissier 1.499–1.500', 'OB Baissier 1.498–1.498', 'OB Baissier 1.500–1.500', 'OB Baissier 1.501–1.506', 'OB Baissier 1.499–1.503', 'OB Baissier 1.500–1.501', 'OB Baissier 1.500–1.501', 'OB Baissier 1.498–1.499', 'OB Baissier 1.501–1.503', 'OB Baissier 1.501–1.501', 'OB Baissier 1.500–1.502', 'OB Baissier 1.498–1.499', 'OB Baissier 1.499–1.503', 'OB Baissier 1.501–1.502', 'OB Baissier 1.498–1.499', 'OB Baissier 1.498–1.500', 'OB Baissier 1.499–1.500', 'OB Baissier 1.499–1.500']"
344,LONG,WIN,2.0,1.5007000000000001,1.4987000000000001,1.5047000000000001,200,2025-01-31 12:00:00,2025-01-31 17:05:00,61,London,67.9,bullish,True,Top 1.506 vs préc. 1.503,225,3,21,True,False,Tokyo,1.50912,1.50349,"['OB Baissier 1.503–1.505', 'OB Baissier 1.503–1.504', 'OB Baissier 1.505–1.507', 'OB Baissier 1.503–1.506', 'OB Baissier 1.502–1.503', 'OB Baissier 1.502–1.505', 'OB Baissier 1.501–1.503', 'OB Baissier 1.503–1.503', 'OB Baissier 1.501–1.502', 'OB Baissier 1.502–1.503', 'OB Baissier 1.503–1.504', 'OB Baissier 1.504–1.506', 'OB Baissier 1.501–1.502', 'OB Baissier 1.502–1.503', 'OB Baissier 1.503–1.504', 'OB Baissier 1.502–1.503', 'OB Baissier 1.502–1.503', 'OB Baissier 1.503–1.508', 'OB Baissier 1.504–1.505']"
345,LONG,LOSS,-1.0,1.50468,1.50268,1.50868,200,2025-02-03 03:20:00,2025-02-03 03:25:00,1,Tokyo,63.5,bullish,True,Top 1.510 vs préc. 1.506,209,1,17,False,True,New York,1.50896,1.49808,"['OB Baissier 1.505–1.507', 'OB Baissier 1.507–1.509', 'OB Baissier 1.506–1.507', 'OB Baissier 1.508–1.509', 'OB Baissier 1.505–1.506', 'OB Baissier 1.506–1.507', 'OB Baissier 1.508–1.510', 'OB Baissier 1.505–1.506', 'OB Baissier 1.507–1.508', 'OB Baissier 1.507–1.512', 'OB Baissier 1.507–1.509']"
346,LONG,WIN,2.0,1.4810699999999999,1.4790699999999999,1.48507,200,2025-02-13 21:40:00,2025-02-13 22:15:00,7,New York,57.4,bullish,True,Top 1.485 vs préc. 1.478,209,1,10,True,False,London,1.4898,1.48702,"['OB Baissier 1.483–1.485', 'OB Baissier 1.484–1.486', 'OB Baissier 1.484–1.485', 'OB Baissier 1.483–1.484', 'OB Baissier 1.482–1.483', 'OB Baissier 1.482–1.482', 'OB Baissier 1.481–1.483', 'OB Baissier 1.483–1.487', 'OB Baissier 1.483–1.483', 'OB Baissier 1.485–1.486', 'OB Baissier 1.482–1.483', 'OB Baissier 1.483–1.484', 'OB Baissier 1.482–1.483', 'OB Baissier 1.483–1.483', 'OB Baissier 1.482–1.482', 'OB Baissier 1.482–1.482', 'OB Baissier 1.482–1.484', 'OB Baissier 1.482–1.483', 'OB Baissier 1.482–1.484', 'OB Baissier 1.482–1.484', 'OB Baissier 1.481–1.484', 'OB Baissier 1.482–1.482', 'OB Baissier 1.483–1.485', 'OB Baissier 1.484–1.485', 'OB Baissier 1.483–1.484', 'OB Baissier 1.483–1.484']"
347,LONG,WIN,2.0,1.48823,1.48623,1.49223,200,2025-02-24 11:15:00,2025-02-24 23:25:00,146,London,71.9,bullish,True,Top 1.492 vs préc. 1.487,289,1,11,False,False,Tokyo,1.49372,1.48733,"['OB Baissier 1.489–1.491', 'OB Baissier 1.491–1.492', 'OB Baissier 1.489–1.490', 'OB Baissier 1.489–1.490', 'OB Baissier 1.490–1.492', 'OB Baissier 1.490–1.490', 'OB Baissier 1.491–1.492', 'OB Baissier 1.492–1.494', 'OB Baissier 1.490–1.490', 'OB Baissier 1.491–1.492', 'OB Baissier 1.492–1.492', 'OB Baissier 1.489–1.491', 'OB Baissier 1.490–1.490', 'OB Baissier 1.489–1.490', 'OB Baissier 1.490–1.490', 'OB Baissier 1.492–1.494', 'OB Baissier 1.490–1.490', 'OB Baissier 1.491–1.491', 'OB Baissier 1.491–1.492', 'OB Baissier 1.490–1.491', 'OB Baissier 1.491–1.494', 'OB Baissier 1.489–1.491', 'OB Baissier 1.490–1.491', 'OB Baissier 1.492–1.493']"
348,LONG,BE,0.0,1.5284900000000001,1.5264900000000001,1.5324900000000001,200,2025-03-05 00:20:00,2025-03-05 01:05:00,7,Tokyo,78.4,bullish,True,Top 1.535 vs préc. 1.528,555,1,7,False,False,New York,1.53743,1.51606,"['OB Baissier 1.531–1.534', 'OB Baissier 1.530–1.531', 'OB Baissier 1.531–1.533', 'OB Baissier 1.530–1.533', 'OB Baissier 1.529–1.530', 'OB Baissier 1.531–1.532', 'OB Baissier 1.530–1.531', 'OB Baissier 1.531–1.532', 'OB Baissier 1.530–1.530']"
349,LONG,WIN,2.0,1.5458699999999999,1.5438699999999999,1.5498699999999999,200,2025-03-06 06:35:00,2025-03-06 09:00:00,29,Tokyo,81.6,bullish,False,Top 1.548 vs préc. 1.549,127,1,4,False,False,New York,1.55386,1.53566,"['OB Baissier 1.548–1.552', 'OB Baissier 1.547–1.550', 'OB Baissier 1.549–1.553', 'OB Baissier 1.546–1.553', 'OB Baissier 1.549–1.553', 'OB Baissier 1.548–1.549', 'OB Baissier 1.546–1.548', 'OB Baissier 1.549–1.550', 'OB Baissier 1.548–1.549', 'OB Baissier 1.549–1.550', 'OB Baissier 1.548–1.549', 'OB Baissier 1.549–1.551', 'OB Baissier 1.548–1.549', 'OB Baissier 1.546–1.548', 'OB Baissier 1.550–1.558']"
350,LONG,LOSS,-1.0,1.5454400000000001,1.5434400000000001,1.5494400000000002,200,2025-03-06 18:15:00,2025-03-06 18:40:00,5,New York,81.6,bullish,True,Top 1.549 vs préc. 1.548,309,1,6,True,True,London,1.55133,1.54698,"['OB Baissier 1.548–1.552', 'OB Baissier 1.547–1.550', 'OB Baissier 1.549–1.553', 'OB Baissier 1.546–1.553', 'OB Baissier 1.549–1.553', 'OB Baissier 1.548–1.549', 'OB Baissier 1.546–1.548', 'OB Baissier 1.549–1.550', 'OB Baissier 1.548–1.549', 'OB Baissier 1.549–1.550', 'OB Baissier 1.548–1.549', 'OB Baissier 1.549–1.551', 'OB Baissier 1.546–1.548', 'OB Baissier 1.548–1.549', 'OB Baissier 1.546–1.548', 'OB Baissier 1.546–1.548', 'OB Baissier 1.546–1.547']"
351,LONG,WIN,2.0,1.55523,1.5532299999999999,1.55923,200,2025-03-10 01:05:00,2025-03-10 02:00:00,11,Tokyo,79.4,bullish,True,Top 1.560 vs préc. 1.555,205,1,8,False,False,New York,1.56529,1.5522,"['OB Baissier 1.557–1.562', 'OB Baissier 1.557–1.558', 'OB Baissier 1.557–1.558', 'OB Baissier 1.556–1.560', 'OB Baissier 1.556–1.559', 'OB Baissier 1.556–1.559', 'OB Baissier 1.556–1.560', 'OB Baissier 1.556–1.557', 'OB Baissier 1.556–1.557', 'OB Baissier 1.558–1.561', 'OB Baissier 1.559–1.560', 'OB Baissier 1.557–1.558', 'OB Baissier 1.559–1.560', 'OB Baissier 1.558–1.560', 'OB Baissier 1.558–1.561', 'OB Baissier 1.557–1.558', 'OB Baissier 1.556–1.557', 'OB Baissier 1.559–1.560', 'OB Baissier 1.558–1.562']"
352,LONG,LOSS,-1.0,1.56468,1.56268,1.56868,200,2025-03-12 22:30:00,2025-03-12 22:40:00,2,New York,82.0,bullish,True,Top 1.567 vs préc. 1.562,116,1,24,True,False,London,1.5779800000000002,1.57369,"['OB Baissier 1.565–1.567', 'OB Baissier 1.567–1.569', 'OB Baissier 1.566–1.569', 'OB Baissier 1.566–1.569', 'OB Baissier 1.567–1.568', 'OB Baissier 1.565–1.569', 'OB Baissier 1.565–1.566', 'OB Baissier 1.567–1.568', 'OB Baissier 1.568–1.569', 'OB Baissier 1.568–1.569', 'OB Baissier 1.567–1.570', 'OB Baissier 1.565–1.566']"
353,LONG,BE,0.0,1.56836,1.56636,1.57236,200,2025-03-12 16:25:00,2025-03-12 16:35:00,2,New York,82.0,bullish,True,Top 1.573 vs préc. 1.567,304,1,9,True,False,London,1.5779800000000002,1.57369,"['OB Baissier 1.571–1.572', 'OB Baissier 1.572–1.574', 'OB Baissier 1.571–1.573', 'OB Baissier 1.569–1.570', 'OB Baissier 1.571–1.573', 'OB Baissier 1.571–1.573', 'OB Baissier 1.571–1.573', 'OB Baissier 1.571–1.575', 'OB Baissier 1.572–1.576', 'OB Baissier 1.571–1.572', 'OB Baissier 1.569–1.571', 'OB Baissier 1.570–1.571', 'OB Baissier 1.569–1.570', 'OB Baissier 1.571–1.572', 'OB Baissier 1.569–1.572']"
354,LONG,WIN,2.0,1.5625499999999999,1.5605499999999999,1.5665499999999999,200,2025-03-14 11:35:00,2025-03-14 14:15:00,32,London,68.1,bullish,False,Top 1.568 vs préc. 1.580,235,2,17,True,False,Tokyo,1.5674299999999999,1.56399,"['OB Baissier 1.565–1.569', 'OB Baissier 1.564–1.567', 'OB Baissier 1.563–1.564', 'OB Baissier 1.563–1.564', 'OB Baissier 1.564–1.565', 'OB Baissier 1.564–1.567', 'OB Baissier 1.564–1.566', 'OB Baissier 1.564–1.565', 'OB Baissier 1.565–1.567', 'OB Baissier 1.564–1.565', 'OB Baissier 1.563–1.565', 'OB Baissier 1.566–1.569', 'OB Baissier 1.566–1.569', 'OB Baissier 1.564–1.565', 'OB Baissier 1.564–1.566', 'OB Baissier 1.564–1.565', 'OB Baissier 1.565–1.569', 'OB Baissier 1.563–1.564', 'OB Baissier 1.565–1.566', 'OB Baissier 1.564–1.565', 'OB Baissier 1.563–1.565', 'OB Baissier 1.565–1.566']"
355,LONG,BE,0.0,1.56359,1.56159,1.56759,200,2025-03-14 19:45:00,2025-03-14 21:00:00,15,New York,68.1,bullish,True,Top 1.571 vs préc. 1.568,477,1,32,False,True,London,1.5659,1.5615299999999999,"['OB Baissier 1.565–1.569', 'OB Baissier 1.564–1.567', 'OB Baissier 1.564–1.565', 'OB Baissier 1.564–1.567', 'OB Baissier 1.564–1.566', 'OB Baissier 1.564–1.565', 'OB Baissier 1.565–1.567', 'OB Baissier 1.567–1.569', 'OB Baissier 1.564–1.565', 'OB Baissier 1.566–1.569', 'OB Baissier 1.566–1.569', 'OB Baissier 1.567–1.568', 'OB Baissier 1.564–1.565', 'OB Baissier 1.564–1.566', 'OB Baissier 1.564–1.565', 'OB Baissier 1.565–1.569', 'OB Baissier 1.565–1.566', 'OB Baissier 1.567–1.568', 'OB Baissier 1.567–1.570', 'OB Baissier 1.564–1.565', 'OB Baissier 1.565–1.566']"
356,SHORT,BE,0.0,1.5464099999999998,1.5484099999999998,1.5424099999999998,200,2025-03-27 19:40:00,2025-03-28 11:30:00,188,New York,22.9,bearish,True,Bot 1.541 vs préc. 1.548,324,2,17,True,False,London,1.5395400000000001,1.53639,"['OB Haussier 1.543–1.545', 'OB Haussier 1.544–1.546', 'OB Haussier 1.542–1.543', 'OB Haussier 1.544–1.544', 'OB Haussier 1.543–1.545', 'OB Haussier 1.542–1.543', 'OB Haussier 1.543–1.545', 'OB Haussier 1.538–1.543', 'OB Haussier 1.544–1.544', 'OB Haussier 1.542–1.545']"
357,SHORT,LOSS,-1.0,1.53985,1.54185,1.53585,200,2025-03-27 14:40:00,2025-03-27 15:05:00,5,New York,22.9,bearish,True,Bot 1.538 vs préc. 1.541,156,1,9,True,False,London,1.5395400000000001,1.53639,"['OB Haussier 1.529–1.538', 'OB Haussier 1.532–1.537', 'OB Haussier 1.536–1.538', 'OB Haussier 1.537–1.538', 'OB Haussier 1.535–1.537', 'OB Haussier 1.537–1.538', 'OB Haussier 1.539–1.540', 'OB Haussier 1.537–1.538']"
358,SHORT,BE,0.0,1.5394299999999999,1.5414299999999999,1.5354299999999999,200,2025-03-27 12:10:00,2025-03-27 12:50:00,8,London,22.9,bearish,True,Bot 1.537 vs préc. 1.538,124,1,9,True,False,Tokyo,1.53799,1.5323799999999999,"['OB Haussier 1.529–1.538', 'OB Haussier 1.532–1.537', 'OB Haussier 1.536–1.538', 'OB Haussier 1.537–1.538', 'OB Haussier 1.535–1.537', 'OB Haussier 1.537–1.538', 'OB Haussier 1.537–1.538']"
359,LONG,LOSS,-1.0,1.54969,1.54769,1.55369,200,2025-04-03 01:40:00,2025-04-03 01:45:00,1,Tokyo,58.5,bullish,True,Top 1.554 vs préc. 1.549,232,1,9,False,True,New York,1.5556100000000002,1.54407,"['OB Baissier 1.550–1.557', 'OB Baissier 1.550–1.553', 'OB Baissier 1.551–1.553', 'OB Baissier 1.552–1.553', 'OB Baissier 1.553–1.554', 'OB Baissier 1.551–1.553', 'OB Baissier 1.553–1.553', 'OB Baissier 1.553–1.555', 'OB Baissier 1.551–1.552', 'OB Baissier 1.552–1.554', 'OB Baissier 1.551–1.552', 'OB Baissier 1.552–1.554', 'OB Baissier 1.552–1.555', 'OB Baissier 1.552–1.553', 'OB Baissier 1.552–1.556', 'OB Baissier 1.550–1.558', 'OB Baissier 1.554–1.556']"
360,LONG,LOSS,-1.0,1.5528499999999998,1.5508499999999998,1.5568499999999998,200,2025-04-03 20:25:00,2025-04-03 21:25:00,12,New York,58.5,bullish,True,Top 1.560 vs préc. 1.546,530,1,26,False,True,London,1.5586,1.55257,"['OB Baissier 1.557–1.558', 'OB Baissier 1.557–1.558', 'OB Baissier 1.554–1.560', 'OB Baissier 1.556–1.560', 'OB Baissier 1.556–1.559', 'OB Baissier 1.556–1.559', 'OB Baissier 1.554–1.556', 'OB Baissier 1.554–1.556', 'OB Baissier 1.556–1.560', 'OB Baissier 1.556–1.557', 'OB Baissier 1.555–1.557', 'OB Baissier 1.554–1.555', 'OB Baissier 1.556–1.557', 'OB Baissier 1.554–1.560', 'OB Baissier 1.554–1.556', 'OB Baissier 1.554–1.555', 'OB Baissier 1.554–1.556', 'OB Baissier 1.554–1.555', 'OB Baissier 1.553–1.554', 'OB Baissier 1.553–1.555', 'OB Baissier 1.557–1.558', 'OB Baissier 1.556–1.557', 'OB Baissier 1.554–1.556']"
361,LONG,WIN,2.0,1.55447,1.55247,1.55847,200,2025-04-04 13:00:00,2025-04-04 15:20:00,28,London,67.2,bullish,True,Top 1.561 vs préc. 1.556,488,1,35,False,True,Tokyo,1.56304,1.5514299999999999,"['OB Baissier 1.557–1.562', 'OB Baissier 1.557–1.558', 'OB Baissier 1.557–1.558', 'OB Baissier 1.556–1.560', 'OB Baissier 1.556–1.559', 'OB Baissier 1.556–1.559', 'OB Baissier 1.556–1.560', 'OB Baissier 1.556–1.557', 'OB Baissier 1.555–1.557', 'OB Baissier 1.554–1.555', 'OB Baissier 1.556–1.557', 'OB Baissier 1.558–1.561', 'OB Baissier 1.557–1.558', 'OB Baissier 1.558–1.560', 'OB Baissier 1.557–1.558', 'OB Baissier 1.556–1.557', 'OB Baissier 1.558–1.562']"
362,LONG,LOSS,-1.0,1.55375,1.55175,1.55775,200,2025-04-07 02:05:00,2025-04-07 02:10:00,1,Tokyo,68.4,bullish,False,Top 1.560 vs préc. 1.561,386,1,25,True,False,New York,1.5739999999999998,1.5525099999999998,"['OB Baissier 1.557–1.562', 'OB Baissier 1.557–1.558', 'OB Baissier 1.557–1.558', 'OB Baissier 1.554–1.560', 'OB Baissier 1.556–1.560', 'OB Baissier 1.556–1.559', 'OB Baissier 1.556–1.559', 'OB Baissier 1.554–1.556', 'OB Baissier 1.554–1.556', 'OB Baissier 1.556–1.560', 'OB Baissier 1.556–1.557', 'OB Baissier 1.555–1.557', 'OB Baissier 1.554–1.555', 'OB Baissier 1.556–1.557', 'OB Baissier 1.554–1.560', 'OB Baissier 1.554–1.556', 'OB Baissier 1.554–1.555', 'OB Baissier 1.557–1.558', 'OB Baissier 1.554–1.556', 'OB Baissier 1.554–1.555', 'OB Baissier 1.557–1.558', 'OB Baissier 1.556–1.557']"
363,LONG,BE,0.0,1.55969,1.55769,1.56369,200,2025-04-04 19:45:00,2025-04-04 20:05:00,4,New York,67.2,bullish,True,Top 1.567 vs préc. 1.560,394,1,20,True,True,London,1.56474,1.55375,"['OB Baissier 1.562–1.564', 'OB Baissier 1.560–1.568', 'OB Baissier 1.563–1.565', 'OB Baissier 1.562–1.566', 'OB Baissier 1.563–1.564', 'OB Baissier 1.563–1.564', 'OB Baissier 1.561–1.566', 'OB Baissier 1.563–1.564', 'OB Baissier 1.561–1.562', 'OB Baissier 1.561–1.563', 'OB Baissier 1.564–1.565', 'OB Baissier 1.562–1.564', 'OB Baissier 1.560–1.561', 'OB Baissier 1.562–1.565', 'OB Baissier 1.563–1.565', 'OB Baissier 1.560–1.562', 'OB Baissier 1.561–1.567', 'OB Baissier 1.561–1.562', 'OB Baissier 1.563–1.564', 'OB Baissier 1.563–1.565', 'OB Baissier 1.561–1.563', 'OB Baissier 1.562–1.564']"
364,LONG,LOSS,-1.0,1.5473599999999998,1.5453599999999998,1.5513599999999999,200,2025-04-09 22:20:00,2025-04-09 22:25:00,1,New York,70.1,bullish,False,Top 1.552 vs préc. 1.565,207,1,6,True,False,London,1.5745200000000001,1.56182,"['OB Baissier 1.548–1.552', 'OB Baissier 1.550–1.557', 'OB Baissier 1.550–1.553', 'OB Baissier 1.549–1.553', 'OB Baissier 1.549–1.553', 'OB Baissier 1.548–1.549', 'OB Baissier 1.551–1.553', 'OB Baissier 1.549–1.550', 'OB Baissier 1.548–1.549', 'OB Baissier 1.549–1.550', 'OB Baissier 1.548–1.549', 'OB Baissier 1.549–1.551', 'OB Baissier 1.551–1.553', 'OB Baissier 1.551–1.552', 'OB Baissier 1.548–1.549', 'OB Baissier 1.551–1.552', 'OB Baissier 1.550–1.558']"
365,LONG,LOSS,-1.0,1.5512299999999999,1.5492299999999999,1.55523,200,2025-04-09 22:20:00,2025-04-09 22:25:00,1,New York,70.1,bullish,True,Top 1.557 vs préc. 1.552,202,1,6,True,False,London,1.5745200000000001,1.56182,"['OB Baissier 1.554–1.560', 'OB Baissier 1.554–1.556', 'OB Baissier 1.554–1.556', 'OB Baissier 1.552–1.553', 'OB Baissier 1.555–1.557', 'OB Baissier 1.554–1.555', 'OB Baissier 1.554–1.560', 'OB Baissier 1.554–1.556', 'OB Baissier 1.554–1.555', 'OB Baissier 1.554–1.556', 'OB Baissier 1.554–1.555', 'OB Baissier 1.553–1.554', 'OB Baissier 1.551–1.553', 'OB Baissier 1.553–1.553', 'OB Baissier 1.553–1.555', 'OB Baissier 1.552–1.554', 'OB Baissier 1.552–1.554', 'OB Baissier 1.552–1.555', 'OB Baissier 1.552–1.553', 'OB Baissier 1.552–1.556', 'OB Baissier 1.554–1.556']"
366,LONG,LOSS,-1.0,1.56877,1.56677,1.57277,200,2025-04-09 12:40:00,2025-04-09 12:50:00,2,London,70.1,bullish,True,Top 1.571 vs préc. 1.564,128,1,20,False,True,Tokyo,1.57023,1.55905,"['OB Baissier 1.571–1.572', 'OB Baissier 1.572–1.574', 'OB Baissier 1.571–1.573', 'OB Baissier 1.569–1.570', 'OB Baissier 1.571–1.573', 'OB Baissier 1.571–1.573', 'OB Baissier 1.571–1.573', 'OB Baissier 1.571–1.575', 'OB Baissier 1.572–1.576', 'OB Baissier 1.571–1.572', 'OB Baissier 1.569–1.571', 'OB Baissier 1.570–1.571', 'OB Baissier 1.569–1.570', 'OB Baissier 1.571–1.572', 'OB Baissier 1.569–1.572']"
367,LONG,LOSS,-1.0,1.54364,1.54164,1.54764,200,2025-04-10 10:50:00,2025-04-10 12:05:00,15,London,59.7,bullish,False,Top 1.548 vs préc. 1.566,350,1,3,False,False,Tokyo,1.54938,1.5405799999999998,"['OB Baissier 1.547–1.550', 'OB Baissier 1.545–1.548', 'OB Baissier 1.546–1.553', 'OB Baissier 1.546–1.548', 'OB Baissier 1.545–1.547', 'OB Baissier 1.546–1.548', 'OB Baissier 1.545–1.546', 'OB Baissier 1.546–1.548', 'OB Baissier 1.546–1.548', 'OB Baissier 1.546–1.547', 'OB Baissier 1.545–1.546', 'OB Baissier 1.544–1.548', 'OB Baissier 1.545–1.546']"
368,LONG,WIN,2.0,1.5736599999999998,1.5716599999999998,1.5776599999999998,200,2025-04-11 11:00:00,2025-04-11 12:00:00,12,London,65.7,bullish,True,Top 1.579 vs préc. 1.573,402,1,53,False,False,Tokyo,1.58335,1.56168,"['OB Baissier 1.577–1.578', 'OB Baissier 1.576–1.577', 'OB Baissier 1.576–1.581', 'OB Baissier 1.574–1.578', 'OB Baissier 1.575–1.576', 'OB Baissier 1.576–1.578', 'OB Baissier 1.574–1.577', 'OB Baissier 1.577–1.579', 'OB Baissier 1.577–1.578', 'OB Baissier 1.574–1.576', 'OB Baissier 1.577–1.577', 'OB Baissier 1.577–1.578', 'OB Baissier 1.575–1.578', 'OB Baissier 1.578–1.578', 'OB Baissier 1.577–1.578']"
369,LONG,BE,0.0,1.5722,1.5702,1.5762,200,2025-04-11 16:55:00,2025-04-11 17:10:00,3,New York,65.7,bullish,True,Top 1.581 vs préc. 1.579,120,1,31,True,False,London,1.59318,1.5722,"['OB Baissier 1.572–1.574', 'OB Baissier 1.576–1.577', 'OB Baissier 1.576–1.581', 'OB Baissier 1.574–1.578', 'OB Baissier 1.575–1.576', 'OB Baissier 1.574–1.577', 'OB Baissier 1.574–1.576', 'OB Baissier 1.575–1.578']"
370,LONG,WIN,2.0,1.56994,1.56794,1.57394,200,2025-04-11 21:35:00,2025-04-11 22:25:00,10,New York,65.7,bullish,False,Top 1.577 vs préc. 1.581,268,1,36,True,False,London,1.59318,1.5722,"['OB Baissier 1.571–1.572', 'OB Baissier 1.572–1.574', 'OB Baissier 1.571–1.573', 'OB Baissier 1.571–1.573', 'OB Baissier 1.571–1.573', 'OB Baissier 1.571–1.573', 'OB Baissier 1.571–1.575', 'OB Baissier 1.572–1.576', 'OB Baissier 1.571–1.572', 'OB Baissier 1.571–1.572']"
371,LONG,WIN,2.0,1.57158,1.56958,1.57558,200,2025-04-15 12:00:00,2025-04-15 13:00:00,12,London,58.2,bullish,False,Top 1.574 vs préc. 1.577,123,1,20,True,False,Tokyo,1.5777,1.57158,"['OB Baissier 1.572–1.574', 'OB Baissier 1.576–1.577', 'OB Baissier 1.574–1.578', 'OB Baissier 1.575–1.576', 'OB Baissier 1.574–1.577', 'OB Baissier 1.572–1.576', 'OB Baissier 1.574–1.576', 'OB Baissier 1.575–1.578']"
372,LONG,WIN,2.0,1.56969,1.56769,1.57369,200,2025-04-17 23:10:00,2025-04-17 23:50:00,8,New York,57.1,bullish,True,Top 1.575 vs préc. 1.574,244,1,5,True,True,London,1.5794700000000002,1.57568,"['OB Baissier 1.571–1.572', 'OB Baissier 1.572–1.574', 'OB Baissier 1.571–1.573', 'OB Baissier 1.571–1.573', 'OB Baissier 1.571–1.573', 'OB Baissier 1.571–1.573', 'OB Baissier 1.571–1.575', 'OB Baissier 1.572–1.576', 'OB Baissier 1.571–1.572', 'OB Baissier 1.571–1.572']"
373,LONG,LOSS,-1.0,1.5753599999999999,1.5733599999999999,1.5793599999999999,200,2025-04-17 17:20:00,2025-04-17 17:25:00,1,New York,57.1,bullish,True,Top 1.578 vs préc. 1.575,113,1,29,True,True,London,1.5794700000000002,1.57568,"['OB Baissier 1.579–1.580', 'OB Baissier 1.577–1.578', 'OB Baissier 1.576–1.577', 'OB Baissier 1.576–1.581', 'OB Baissier 1.576–1.578', 'OB Baissier 1.579–1.580', 'OB Baissier 1.578–1.580', 'OB Baissier 1.579–1.580', 'OB Baissier 1.577–1.579', 'OB Baissier 1.577–1.578', 'OB Baissier 1.577–1.577', 'OB Baissier 1.577–1.578', 'OB Baissier 1.579–1.581', 'OB Baissier 1.578–1.578', 'OB Baissier 1.577–1.578']"
374,LONG,LOSS,-1.0,1.57943,1.5774299999999999,1.58343,200,2025-04-16 13:25:00,2025-04-16 13:40:00,3,London,64.8,bullish,True,Top 1.583 vs préc. 1.578,163,2,23,False,True,Tokyo,1.58083,1.57301,"['OB Baissier 1.582–1.597', 'OB Baissier 1.579–1.581', 'OB Baissier 1.582–1.585', 'OB Baissier 1.580–1.581', 'OB Baissier 1.583–1.585', 'OB Baissier 1.582–1.583', 'OB Baissier 1.582–1.584', 'OB Baissier 1.582–1.582', 'OB Baissier 1.581–1.583', 'OB Baissier 1.583–1.585']"
375,LONG,WIN,2.0,1.58587,1.58387,1.58987,200,2025-04-22 12:45:00,2025-04-22 13:25:00,8,London,55.4,bullish,False,Top 1.590 vs préc. 1.592,210,1,7,True,False,Tokyo,1.59457,1.58861,"['OB Baissier 1.589–1.591', 'OB Baissier 1.586–1.591', 'OB Baissier 1.590–1.593', 'OB Baissier 1.586–1.587']"
376,LONG,LOSS,-1.0,1.58861,1.58661,1.59261,200,2025-04-22 11:55:00,2025-04-22 12:40:00,9,London,55.4,bullish,True,Top 1.592 vs préc. 1.590,195,1,5,True,False,Tokyo,1.59457,1.58861,"['OB Baissier 1.592–1.595', 'OB Baissier 1.589–1.591', 'OB Baissier 1.591–1.593', 'OB Baissier 1.592–1.592', 'OB Baissier 1.590–1.591', 'OB Baissier 1.592–1.593', 'OB Baissier 1.591–1.592', 'OB Baissier 1.590–1.593', 'OB Baissier 1.591–1.593']"
377,SHORT,BE,0.0,1.5645799999999999,1.5665799999999999,1.5605799999999999,200,2025-05-01 13:35:00,2025-05-01 17:30:00,47,London,38.8,bearish,True,Bot 1.562 vs préc. 1.565,222,1,31,True,True,Tokyo,1.5644900000000002,1.55864,"['OB Haussier 1.558–1.562', 'OB Haussier 1.557–1.563', 'OB Haussier 1.563–1.563', 'OB Haussier 1.562–1.562', 'OB Haussier 1.561–1.562', 'OB Haussier 1.560–1.561', 'OB Haussier 1.561–1.563', 'OB Haussier 1.559–1.561', 'OB Haussier 1.560–1.561', 'OB Haussier 1.560–1.563', 'OB Haussier 1.561–1.563', 'OB Haussier 1.560–1.561', 'OB Haussier 1.564–1.564', 'OB Haussier 1.561–1.563', 'OB Haussier 1.561–1.562', 'OB Haussier 1.558–1.561', 'OB Haussier 1.559–1.562', 'OB Haussier 1.559–1.561', 'OB Haussier 1.562–1.563']"
378,SHORT,LOSS,-1.0,1.5621399999999999,1.5641399999999999,1.5581399999999999,200,2025-05-01 13:00:00,2025-05-01 13:20:00,4,London,38.8,bearish,True,Bot 1.560 vs préc. 1.562,162,1,26,False,True,Tokyo,1.5644900000000002,1.55864,"['OB Haussier 1.558–1.562', 'OB Haussier 1.559–1.559', 'OB Haussier 1.557–1.559', 'OB Haussier 1.558–1.559', 'OB Haussier 1.558–1.559', 'OB Haussier 1.558–1.559', 'OB Haussier 1.562–1.562', 'OB Haussier 1.558–1.558', 'OB Haussier 1.561–1.562', 'OB Haussier 1.557–1.559', 'OB Haussier 1.557–1.559', 'OB Haussier 1.558–1.559', 'OB Haussier 1.560–1.561', 'OB Haussier 1.557–1.559', 'OB Haussier 1.559–1.561', 'OB Haussier 1.560–1.561', 'OB Haussier 1.558–1.560', 'OB Haussier 1.558–1.559', 'OB Haussier 1.558–1.559', 'OB Haussier 1.557–1.560', 'OB Haussier 1.560–1.561', 'OB Haussier 1.561–1.562', 'OB Haussier 1.558–1.561', 'OB Haussier 1.559–1.560', 'OB Haussier 1.559–1.562', 'OB Haussier 1.559–1.561']"
379,LONG,BE,0.0,1.56107,1.55907,1.56507,200,2025-05-07 03:05:00,2025-05-07 05:20:00,27,Tokyo,58.4,bullish,True,Top 1.565 vs préc. 1.564,164,1,15,True,True,New York,1.5668,1.5605099999999998,"['OB Baissier 1.565–1.569', 'OB Baissier 1.562–1.564', 'OB Baissier 1.563–1.565', 'OB Baissier 1.562–1.566', 'OB Baissier 1.564–1.567', 'OB Baissier 1.563–1.564', 'OB Baissier 1.563–1.564', 'OB Baissier 1.564–1.565', 'OB Baissier 1.563–1.564', 'OB Baissier 1.561–1.562', 'OB Baissier 1.561–1.563', 'OB Baissier 1.564–1.567', 'OB Baissier 1.564–1.566', 'OB Baissier 1.564–1.565', 'OB Baissier 1.565–1.567', 'OB Baissier 1.562–1.564', 'OB Baissier 1.562–1.565', 'OB Baissier 1.564–1.565', 'OB Baissier 1.563–1.565', 'OB Baissier 1.561–1.567', 'OB Baissier 1.564–1.565', 'OB Baissier 1.561–1.562', 'OB Baissier 1.564–1.566', 'OB Baissier 1.564–1.565', 'OB Baissier 1.563–1.564', 'OB Baissier 1.565–1.566', 'OB Baissier 1.564–1.565', 'OB Baissier 1.563–1.565', 'OB Baissier 1.561–1.563', 'OB Baissier 1.562–1.564']"
380,LONG,WIN,2.0,1.55713,1.55513,1.56113,200,2025-05-17 01:30:00,2025-05-19 02:10:00,6,Tokyo,55.2,bullish,True,Top 1.563 vs préc. 1.559,285,3,4,True,False,New York,1.5644900000000002,1.55745,"['OB Baissier 1.557–1.562', 'OB Baissier 1.559–1.562', 'OB Baissier 1.560–1.568', 'OB Baissier 1.558–1.561', 'OB Baissier 1.561–1.566', 'OB Baissier 1.559–1.560', 'OB Baissier 1.559–1.560', 'OB Baissier 1.558–1.560', 'OB Baissier 1.558–1.561', 'OB Baissier 1.560–1.561', 'OB Baissier 1.559–1.561', 'OB Baissier 1.559–1.560', 'OB Baissier 1.558–1.562', 'OB Baissier 1.560–1.562']"
381,LONG,WIN,2.0,1.5603500000000001,1.5583500000000001,1.5643500000000001,200,2025-05-15 23:35:00,2025-05-16 12:05:00,148,New York,67.0,bullish,False,Top 1.562 vs préc. 1.563,117,1,15,True,True,London,1.56874,1.5630899999999999,"['OB Baissier 1.562–1.564', 'OB Baissier 1.560–1.568', 'OB Baissier 1.563–1.565', 'OB Baissier 1.562–1.566', 'OB Baissier 1.564–1.567', 'OB Baissier 1.563–1.564', 'OB Baissier 1.563–1.564', 'OB Baissier 1.561–1.566', 'OB Baissier 1.564–1.565', 'OB Baissier 1.563–1.564', 'OB Baissier 1.561–1.562', 'OB Baissier 1.561–1.563', 'OB Baissier 1.564–1.567', 'OB Baissier 1.564–1.566', 'OB Baissier 1.564–1.565', 'OB Baissier 1.562–1.564', 'OB Baissier 1.562–1.565', 'OB Baissier 1.564–1.565', 'OB Baissier 1.563–1.565', 'OB Baissier 1.561–1.567', 'OB Baissier 1.564–1.565', 'OB Baissier 1.561–1.562', 'OB Baissier 1.564–1.565', 'OB Baissier 1.563–1.564', 'OB Baissier 1.564–1.565', 'OB Baissier 1.563–1.565', 'OB Baissier 1.561–1.563', 'OB Baissier 1.562–1.564']"
382,LONG,WIN,2.0,1.5636700000000001,1.5616700000000001,1.5676700000000001,200,2025-05-15 16:30:00,2025-05-15 18:05:00,19,New York,67.0,bullish,True,Top 1.567 vs préc. 1.562,224,1,13,False,False,London,1.56874,1.5630899999999999,"['OB Baissier 1.565–1.569', 'OB Baissier 1.564–1.567', 'OB Baissier 1.564–1.565', 'OB Baissier 1.564–1.567', 'OB Baissier 1.564–1.566', 'OB Baissier 1.565–1.567', 'OB Baissier 1.567–1.569', 'OB Baissier 1.564–1.565', 'OB Baissier 1.566–1.569', 'OB Baissier 1.566–1.569', 'OB Baissier 1.567–1.568', 'OB Baissier 1.564–1.565', 'OB Baissier 1.564–1.566', 'OB Baissier 1.564–1.565', 'OB Baissier 1.565–1.569', 'OB Baissier 1.565–1.566', 'OB Baissier 1.567–1.568', 'OB Baissier 1.567–1.570', 'OB Baissier 1.564–1.565', 'OB Baissier 1.565–1.566']"
383,LONG,LOSS,-1.0,1.56338,1.56138,1.56738,200,2025-05-15 21:50:00,2025-05-15 22:40:00,10,New York,67.0,bullish,True,Top 1.567 vs préc. 1.567,118,1,14,False,True,London,1.56874,1.5630899999999999,"['OB Baissier 1.565–1.569', 'OB Baissier 1.564–1.567', 'OB Baissier 1.563–1.564', 'OB Baissier 1.564–1.565', 'OB Baissier 1.564–1.567', 'OB Baissier 1.564–1.566', 'OB Baissier 1.564–1.565', 'OB Baissier 1.565–1.567', 'OB Baissier 1.567–1.569', 'OB Baissier 1.564–1.565', 'OB Baissier 1.566–1.569', 'OB Baissier 1.566–1.569', 'OB Baissier 1.567–1.568', 'OB Baissier 1.564–1.565', 'OB Baissier 1.564–1.566', 'OB Baissier 1.564–1.565', 'OB Baissier 1.565–1.569', 'OB Baissier 1.565–1.566', 'OB Baissier 1.567–1.568', 'OB Baissier 1.567–1.570', 'OB Baissier 1.564–1.565', 'OB Baissier 1.565–1.566']"
384,LONG,LOSS,-1.0,1.5667,1.5647,1.5707,200,2025-05-20 17:20:00,2025-05-20 17:35:00,3,New York,63.1,bullish,False,Top 1.569 vs préc. 1.571,141,1,21,True,False,London,1.57146,1.5674700000000001,"['OB Baissier 1.571–1.573', 'OB Baissier 1.569–1.570', 'OB Baissier 1.567–1.568', 'OB Baissier 1.567–1.568', 'OB Baissier 1.568–1.569', 'OB Baissier 1.568–1.569', 'OB Baissier 1.569–1.571', 'OB Baissier 1.570–1.571', 'OB Baissier 1.569–1.570', 'OB Baissier 1.569–1.572']"
385,LONG,WIN,2.0,1.5699,1.5679,1.5739,200,2025-05-21 18:25:00,2025-05-21 19:10:00,9,New York,71.1,bullish,True,Top 1.573 vs préc. 1.570,139,1,13,True,True,London,1.57572,1.5716299999999999,"['OB Baissier 1.571–1.572', 'OB Baissier 1.572–1.574', 'OB Baissier 1.571–1.573', 'OB Baissier 1.571–1.573', 'OB Baissier 1.571–1.573', 'OB Baissier 1.571–1.573', 'OB Baissier 1.571–1.575', 'OB Baissier 1.572–1.576', 'OB Baissier 1.571–1.572', 'OB Baissier 1.571–1.572']"
386,LONG,WIN,2.0,1.55811,1.55611,1.56211,200,2025-05-30 23:35:00,2025-06-02 11:30:00,136,New York,56.3,bullish,True,Top 1.564 vs préc. 1.558,363,1,10,True,False,London,1.56894,1.5646,"['OB Baissier 1.562–1.564', 'OB Baissier 1.559–1.562', 'OB Baissier 1.560–1.568', 'OB Baissier 1.558–1.561', 'OB Baissier 1.561–1.566', 'OB Baissier 1.559–1.560', 'OB Baissier 1.561–1.562', 'OB Baissier 1.559–1.560', 'OB Baissier 1.561–1.563', 'OB Baissier 1.558–1.560', 'OB Baissier 1.558–1.561', 'OB Baissier 1.562–1.564', 'OB Baissier 1.560–1.561', 'OB Baissier 1.562–1.565', 'OB Baissier 1.559–1.561', 'OB Baissier 1.559–1.560', 'OB Baissier 1.560–1.562', 'OB Baissier 1.561–1.567', 'OB Baissier 1.561–1.562', 'OB Baissier 1.561–1.563']"
387,LONG,LOSS,-1.0,1.56893,1.56693,1.57293,200,2025-06-13 15:15:00,2025-06-16 02:05:00,128,New York,58.8,bullish,True,Top 1.572 vs préc. 1.564,202,1,27,True,False,London,1.5749900000000001,1.56922,"['OB Baissier 1.571–1.572', 'OB Baissier 1.572–1.574', 'OB Baissier 1.571–1.573', 'OB Baissier 1.569–1.570', 'OB Baissier 1.571–1.573', 'OB Baissier 1.571–1.573', 'OB Baissier 1.571–1.573', 'OB Baissier 1.571–1.575', 'OB Baissier 1.572–1.576', 'OB Baissier 1.571–1.572', 'OB Baissier 1.569–1.571', 'OB Baissier 1.570–1.571', 'OB Baissier 1.569–1.570', 'OB Baissier 1.571–1.572', 'OB Baissier 1.569–1.572']"
388,LONG,BE,0.0,1.58901,1.58701,1.59301,200,2025-06-24 14:00:00,2025-06-24 18:05:00,49,New York,72.4,bullish,True,Top 1.591 vs préc. 1.587,161,1,9,True,False,London,1.59356,1.58937,"['OB Baissier 1.592–1.595', 'OB Baissier 1.591–1.593', 'OB Baissier 1.592–1.592', 'OB Baissier 1.590–1.591', 'OB Baissier 1.592–1.593', 'OB Baissier 1.591–1.592', 'OB Baissier 1.590–1.593', 'OB Baissier 1.591–1.593']"
389,LONG,LOSS,-1.0,1.5896599999999999,1.5876599999999998,1.5936599999999999,200,2025-06-24 18:00:00,2025-06-24 18:25:00,5,New York,72.4,bullish,True,Top 1.592 vs préc. 1.591,123,1,6,True,False,London,1.59356,1.58937,"['OB Baissier 1.592–1.595', 'OB Baissier 1.594–1.595', 'OB Baissier 1.591–1.593', 'OB Baissier 1.592–1.592', 'OB Baissier 1.594–1.594', 'OB Baissier 1.590–1.591', 'OB Baissier 1.592–1.593', 'OB Baissier 1.591–1.592', 'OB Baissier 1.591–1.593']"
390,LONG,LOSS,-1.0,1.59687,1.59487,1.60087,200,2025-06-26 19:40:00,2025-06-26 20:05:00,5,New York,83.1,bullish,True,Top 1.600 vs préc. 1.592,124,1,10,True,False,London,1.60637,1.60068,"['OB Baissier 1.598–1.600', 'OB Baissier 1.600–1.601', 'OB Baissier 1.597–1.599', 'OB Baissier 1.600–1.602', 'OB Baissier 1.597–1.598', 'OB Baissier 1.598–1.599', 'OB Baissier 1.598–1.599', 'OB Baissier 1.599–1.600']"
391,LONG,BE,0.0,1.60232,1.60032,1.60632,200,2025-07-03 01:20:00,2025-07-03 14:10:00,152,Tokyo,65.3,bullish,True,Top 1.604 vs préc. 1.602,149,1,16,True,False,New York,1.60751,1.60264,"['OB Baissier 1.604–1.605', 'OB Baissier 1.604–1.605', 'OB Baissier 1.604–1.605', 'OB Baissier 1.603–1.604', 'OB Baissier 1.605–1.606', 'OB Baissier 1.604–1.605', 'OB Baissier 1.604–1.605', 'OB Baissier 1.606–1.606', 'OB Baissier 1.603–1.604']"
392,LONG,WIN,2.0,1.59897,1.59697,1.60297,200,2025-07-07 21:55:00,2025-07-08 03:35:00,66,New York,62.5,bullish,True,Top 1.602 vs préc. 1.595,221,1,11,True,False,London,1.60526,1.60332,"['OB Baissier 1.601–1.602', 'OB Baissier 1.602–1.603', 'OB Baissier 1.600–1.601', 'OB Baissier 1.603–1.604', 'OB Baissier 1.600–1.602', 'OB Baissier 1.601–1.602', 'OB Baissier 1.602–1.603']"
393,SHORT,WIN,2.0,1.60286,1.60486,1.59886,200,2025-07-11 05:20:00,2025-07-11 05:55:00,7,Tokyo,42.6,bearish,True,Bot 1.599 vs préc. 1.604,278,1,5,False,True,New York,1.6046200000000002,1.59742,"['OB Haussier 1.600–1.601', 'OB Haussier 1.599–1.600', 'OB Haussier 1.598–1.599', 'OB Haussier 1.600–1.601', 'OB Haussier 1.599–1.600', 'OB Haussier 1.601–1.602', 'OB Haussier 1.599–1.600', 'OB Haussier 1.601–1.601']"
394,SHORT,LOSS,-1.0,1.59225,1.59425,1.58825,200,2025-07-16 04:20:00,2025-07-16 11:55:00,91,Tokyo,40.0,bearish,True,Bot 1.591 vs préc. 1.599,65,1,16,False,True,New York,1.59997,1.5903,"['OB Haussier 1.589–1.590', 'OB Haussier 1.589–1.590', 'OB Haussier 1.589–1.590', 'OB Haussier 1.590–1.590', 'OB Haussier 1.590–1.591', 'OB Haussier 1.589–1.590', 'OB Haussier 1.587–1.588']"
395,SHORT,BE,0.0,1.59398,1.59598,1.58998,200,2025-07-17 13:25:00,2025-07-17 17:35:00,50,London,42.6,bearish,True,Bot 1.590 vs préc. 1.591,343,1,17,True,True,Tokyo,1.59394,1.5914000000000001,"['OB Haussier 1.589–1.590', 'OB Haussier 1.589–1.590', 'OB Haussier 1.590–1.590', 'OB Haussier 1.590–1.591', 'OB Haussier 1.589–1.590', 'OB Haussier 1.590–1.593', 'OB Haussier 1.591–1.592', 'OB Haussier 1.589–1.592', 'OB Haussier 1.592–1.593']"
396,LONG,BE,0.0,1.5976,1.5956,1.6016,200,2025-07-22 18:10:00,2025-07-22 19:30:00,16,New York,63.3,bullish,True,Top 1.602 vs préc. 1.594,315,1,14,True,True,London,1.6009600000000002,1.59907,"['OB Baissier 1.601–1.602', 'OB Baissier 1.598–1.600', 'OB Baissier 1.600–1.601', 'OB Baissier 1.600–1.602', 'OB Baissier 1.598–1.599', 'OB Baissier 1.599–1.600', 'OB Baissier 1.601–1.602']"
397,LONG,LOSS,-1.0,1.5975899999999998,1.5955899999999998,1.6015899999999998,200,2025-07-28 18:15:00,2025-07-28 18:45:00,6,New York,71.9,bullish,True,Top 1.602 vs préc. 1.597,240,1,2,True,False,London,1.60976,1.60312,"['OB Baissier 1.601–1.602', 'OB Baissier 1.598–1.600', 'OB Baissier 1.600–1.601', 'OB Baissier 1.600–1.602', 'OB Baissier 1.598–1.599', 'OB Baissier 1.599–1.600', 'OB Baissier 1.601–1.602']"
398,LONG,WIN,2.0,1.60301,1.60101,1.60701,200,2025-07-25 16:10:00,2025-07-25 19:15:00,37,New York,70.7,bullish,True,Top 1.606 vs préc. 1.602,215,1,5,True,False,London,1.60747,1.60277,"['OB Baissier 1.604–1.605', 'OB Baissier 1.604–1.605', 'OB Baissier 1.604–1.605', 'OB Baissier 1.603–1.604', 'OB Baissier 1.605–1.606', 'OB Baissier 1.604–1.605', 'OB Baissier 1.604–1.605', 'OB Baissier 1.606–1.606']"
399,LONG,LOSS,-1.0,1.60826,1.60626,1.61226,200,2025-07-28 10:15:00,2025-07-28 11:25:00,14,London,71.9,bullish,True,Top 1.610 vs préc. 1.606,108,1,4,False,False,Tokyo,1.61186,1.6080100000000002,"['OB Baissier 1.612–1.613', 'OB Baissier 1.610–1.611', 'OB Baissier 1.611–1.612', 'OB Baissier 1.610–1.611', 'OB Baissier 1.610–1.611', 'OB Baissier 1.608–1.609', 'OB Baissier 1.611–1.612', 'OB Baissier 1.610–1.610', 'OB Baissier 1.612–1.614', 'OB Baissier 1.612–1.613', 'OB Baissier 1.611–1.613', 'OB Baissier 1.611–1.615', 'OB Baissier 1.610–1.612']"
400,SHORT,BE,0.0,1.58118,1.58318,1.57718,200,2025-07-31 05:15:00,2025-07-31 11:15:00,72,Tokyo,41.3,bearish,True,Bot 1.577 vs préc. 1.581,149,1,12,False,True,New York,1.5922,1.57823,"['OB Haussier 1.574–1.578', 'OB Haussier 1.572–1.577', 'OB Haussier 1.579–1.581', 'OB Haussier 1.579–1.580', 'OB Haussier 1.580–1.581', 'OB Haussier 1.579–1.581', 'OB Haussier 1.578–1.579', 'OB Haussier 1.577–1.578', 'OB Haussier 1.578–1.580', 'OB Haussier 1.579–1.581']"
401,LONG,LOSS,-1.0,1.60016,1.59816,1.60416,200,2025-08-07 16:10:00,2025-08-07 20:00:00,46,New York,66.9,bullish,True,Top 1.602 vs préc. 1.595,125,1,28,True,False,London,1.6053199999999999,1.60171,"['OB Baissier 1.604–1.605', 'OB Baissier 1.601–1.602', 'OB Baissier 1.604–1.605', 'OB Baissier 1.603–1.604', 'OB Baissier 1.602–1.603', 'OB Baissier 1.604–1.605', 'OB Baissier 1.604–1.605', 'OB Baissier 1.600–1.601', 'OB Baissier 1.603–1.604', 'OB Baissier 1.601–1.602', 'OB Baissier 1.602–1.603']"
402,LONG,LOSS,-1.0,1.5992199999999999,1.5972199999999999,1.6032199999999999,200,2025-08-08 13:40:00,2025-08-08 15:25:00,21,London,62.2,bullish,False,Top 1.602 vs préc. 1.602,226,1,24,True,False,Tokyo,1.60413,1.59928,"['OB Baissier 1.601–1.602', 'OB Baissier 1.603–1.604', 'OB Baissier 1.602–1.603', 'OB Baissier 1.600–1.601', 'OB Baissier 1.603–1.604', 'OB Baissier 1.600–1.602', 'OB Baissier 1.601–1.602', 'OB Baissier 1.602–1.603']"
403,LONG,LOSS,-1.0,1.60118,1.59918,1.60518,200,2025-08-11 18:05:00,2025-08-11 19:30:00,17,New York,66.8,bullish,True,Top 1.604 vs préc. 1.601,171,2,10,True,False,London,1.6051600000000001,1.60334,"['OB Baissier 1.604–1.605', 'OB Baissier 1.604–1.605', 'OB Baissier 1.601–1.602', 'OB Baissier 1.604–1.605', 'OB Baissier 1.603–1.604', 'OB Baissier 1.602–1.603', 'OB Baissier 1.604–1.605', 'OB Baissier 1.604–1.605', 'OB Baissier 1.603–1.604', 'OB Baissier 1.602–1.603']"
404,LONG,LOSS,-1.0,1.61131,1.60931,1.61531,200,2025-08-18 13:00:00,2025-08-18 17:15:00,51,London,64.8,bullish,True,Top 1.616 vs préc. 1.604,206,1,9,True,False,Tokyo,1.6180400000000001,1.6143999999999998,"['OB Baissier 1.615–1.616', 'OB Baissier 1.612–1.613', 'OB Baissier 1.614–1.615', 'OB Baissier 1.614–1.615', 'OB Baissier 1.612–1.614', 'OB Baissier 1.612–1.613', 'OB Baissier 1.614–1.615', 'OB Baissier 1.614–1.617', 'OB Baissier 1.615–1.615', 'OB Baissier 1.611–1.613']"
405,LONG,WIN,2.0,1.60886,1.60686,1.61286,200,2025-08-19 02:05:00,2025-08-19 12:35:00,126,Tokyo,57.6,bullish,False,Top 1.612 vs préc. 1.616,188,1,8,True,False,New York,1.61365,1.60886,"['OB Baissier 1.612–1.613', 'OB Baissier 1.610–1.611', 'OB Baissier 1.611–1.612', 'OB Baissier 1.610–1.611', 'OB Baissier 1.610–1.611', 'OB Baissier 1.611–1.612', 'OB Baissier 1.610–1.610', 'OB Baissier 1.612–1.614', 'OB Baissier 1.612–1.613', 'OB Baissier 1.611–1.613', 'OB Baissier 1.611–1.615', 'OB Baissier 1.610–1.612']"
406,LONG,BE,0.0,1.61462,1.61262,1.61862,200,2025-08-21 11:20:00,2025-08-21 18:50:00,90,London,69.3,bullish,True,Top 1.617 vs préc. 1.613,102,1,21,True,False,Tokyo,1.61696,1.6150600000000002,"['OB Baissier 1.617–1.617', 'OB Baissier 1.615–1.616', 'OB Baissier 1.616–1.616', 'OB Baissier 1.617–1.618', 'OB Baissier 1.617–1.618', 'OB Baissier 1.618–1.620', 'OB Baissier 1.617–1.619', 'OB Baissier 1.616–1.617', 'OB Baissier 1.618–1.618', 'OB Baissier 1.615–1.616', 'OB Baissier 1.616–1.617', 'OB Baissier 1.616–1.616', 'OB Baissier 1.616–1.616', 'OB Baissier 1.615–1.615', 'OB Baissier 1.616–1.618']"
407,LONG,WIN,2.0,1.61344,1.61144,1.61744,200,2025-08-21 19:40:00,2025-08-22 19:00:00,278,New York,69.3,bullish,True,Top 1.617 vs préc. 1.617,246,1,26,True,True,London,1.61806,1.61344,"['OB Baissier 1.617–1.617', 'OB Baissier 1.615–1.616', 'OB Baissier 1.616–1.616', 'OB Baissier 1.614–1.615', 'OB Baissier 1.617–1.618', 'OB Baissier 1.617–1.618', 'OB Baissier 1.617–1.619', 'OB Baissier 1.616–1.617', 'OB Baissier 1.615–1.616', 'OB Baissier 1.616–1.617', 'OB Baissier 1.614–1.615', 'OB Baissier 1.614–1.615', 'OB Baissier 1.614–1.617', 'OB Baissier 1.616–1.616', 'OB Baissier 1.616–1.616', 'OB Baissier 1.615–1.615', 'OB Baissier 1.616–1.618']"
408,LONG,LOSS,-1.0,1.6140400000000001,1.6120400000000001,1.6180400000000001,200,2025-08-25 20:50:00,2025-08-25 21:50:00,12,New York,60.2,bullish,True,Top 1.620 vs préc. 1.617,321,1,7,True,False,London,1.6203699999999999,1.6178599999999999,"['OB Baissier 1.617–1.617', 'OB Baissier 1.615–1.616', 'OB Baissier 1.616–1.616', 'OB Baissier 1.614–1.615', 'OB Baissier 1.617–1.618', 'OB Baissier 1.617–1.618', 'OB Baissier 1.618–1.620', 'OB Baissier 1.617–1.619', 'OB Baissier 1.616–1.617', 'OB Baissier 1.618–1.618', 'OB Baissier 1.615–1.616', 'OB Baissier 1.616–1.617', 'OB Baissier 1.616–1.616', 'OB Baissier 1.616–1.616', 'OB Baissier 1.615–1.615', 'OB Baissier 1.616–1.618']"
409,SHORT,LOSS,-1.0,1.60639,1.60839,1.60239,200,2025-08-29 18:15:00,2025-09-01 07:55:00,162,New York,41.7,bearish,True,Bot 1.604 vs préc. 1.605,221,1,21,True,True,London,1.60621,1.6036299999999999,"['OB Haussier 1.602–1.603', 'OB Haussier 1.604–1.604', 'OB Haussier 1.603–1.604', 'OB Haussier 1.603–1.604', 'OB Haussier 1.603–1.605', 'OB Haussier 1.602–1.605']"
410,LONG,WIN,2.0,1.61795,1.61595,1.62195,200,2025-09-08 17:35:00,2025-09-08 18:35:00,12,New York,67.1,bullish,True,Top 1.622 vs préc. 1.618,148,1,26,True,False,London,1.6221299999999998,1.6193300000000002,"['OB Baissier 1.620–1.623', 'OB Baissier 1.620–1.622', 'OB Baissier 1.622–1.623', 'OB Baissier 1.620–1.621']"
411,LONG,WIN,2.0,1.62226,1.62026,1.62626,200,2025-09-18 18:35:00,2025-09-18 20:20:00,21,New York,60.0,bullish,True,Top 1.628 vs préc. 1.623,315,1,8,True,True,London,1.63075,1.6251,"['OB Baissier 1.624–1.625', 'OB Baissier 1.626–1.628', 'OB Baissier 1.622–1.624', 'OB Baissier 1.625–1.626', 'OB Baissier 1.624–1.625', 'OB Baissier 1.625–1.627', 'OB Baissier 1.625–1.626', 'OB Baissier 1.625–1.625', 'OB Baissier 1.623–1.624', 'OB Baissier 1.623–1.624']"
412,SHORT,LOSS,-1.0,1.62446,1.62646,1.62046,200,2025-09-22 13:30:00,2025-09-22 15:20:00,22,London,41.3,bearish,True,Bot 1.619 vs préc. 1.625,355,1,4,True,False,Tokyo,1.61997,1.61694,"['OB Haussier 1.622–1.623', 'OB Haussier 1.621–1.622']"
413,LONG,LOSS,-1.0,1.63167,1.62967,1.63567,200,2025-09-24 13:15:00,2025-09-24 17:00:00,45,London,55.1,bullish,True,Top 1.634 vs préc. 1.629,108,2,31,True,False,Tokyo,1.63584,1.6326800000000001,"['OB Baissier 1.633–1.634', 'OB Baissier 1.632–1.633', 'OB Baissier 1.632–1.633']"
414,SHORT,LOSS,-1.0,1.62605,1.62805,1.62205,200,2025-09-26 03:05:00,2025-09-26 11:05:00,96,Tokyo,41.9,bearish,True,Bot 1.624 vs préc. 1.628,99,1,3,False,True,New York,1.6329099999999999,1.6238899999999998,"['OB Haussier 1.622–1.625', 'OB Haussier 1.625–1.626', 'OB Haussier 1.624–1.625', 'OB Haussier 1.622–1.623', 'OB Haussier 1.621–1.622']"
415,SHORT,LOSS,-1.0,1.62263,1.62463,1.61863,200,2025-10-10 20:00:00,2025-10-10 20:05:00,1,New York,38.9,bearish,True,Bot 1.619 vs préc. 1.622,138,1,5,False,True,London,1.62456,1.62121,"['OB Haussier 1.618–1.620', 'OB Haussier 1.618–1.619', 'OB Haussier 1.618–1.619', 'OB Haussier 1.619–1.619', 'OB Haussier 1.619–1.620', 'OB Haussier 1.619–1.620', 'OB Haussier 1.621–1.622', 'OB Haussier 1.619–1.620']"
416,SHORT,BE,0.0,1.61977,1.62177,1.61577,200,2025-10-30 08:15:00,2025-10-30 17:25:00,110,Tokyo,28.5,bearish,True,Bot 1.616 vs préc. 1.628,176,1,28,False,False,New York,1.62345,1.6145399999999999,"['OB Haussier 1.614–1.616', 'OB Haussier 1.618–1.619', 'OB Haussier 1.618–1.619', 'OB Haussier 1.618–1.619', 'OB Haussier 1.619–1.619', 'OB Haussier 1.617–1.618', 'OB Haussier 1.616–1.617']"
417,LONG,WIN,2.0,1.62676,1.62476,1.63076,200,2025-11-17 11:25:00,2025-11-18 07:20:00,237,London,56.6,bullish,True,Top 1.632 vs préc. 1.624,285,1,11,True,False,Tokyo,1.6300400000000002,1.6272199999999999,"['OB Baissier 1.631–1.632', 'OB Baissier 1.629–1.631', 'OB Baissier 1.628–1.631', 'OB Baissier 1.631–1.632', 'OB Baissier 1.631–1.633', 'OB Baissier 1.628–1.629', 'OB Baissier 1.630–1.631', 'OB Baissier 1.629–1.630']"
418,LONG,LOSS,-1.0,1.62975,1.62775,1.63375,200,2025-11-14 17:45:00,2025-11-17 06:30:00,151,New York,67.9,bullish,True,Top 1.633 vs préc. 1.632,198,1,12,True,True,London,1.6336,1.6302400000000001,"['OB Baissier 1.631–1.632', 'OB Baissier 1.631–1.632', 'OB Baissier 1.633–1.634', 'OB Baissier 1.631–1.632', 'OB Baissier 1.632–1.633', 'OB Baissier 1.631–1.633', 'OB Baissier 1.631–1.632', 'OB Baissier 1.631–1.632', 'OB Baissier 1.630–1.631', 'OB Baissier 1.632–1.633', 'OB Baissier 1.631–1.631']"
419,SHORT,BE,0.0,1.62683,1.62883,1.62283,200,2025-11-20 22:00:00,2025-11-21 10:10:00,144,New York,37.6,bearish,True,Bot 1.621 vs préc. 1.624,400,1,10,True,True,London,1.61985,1.61848,"['OB Haussier 1.622–1.625', 'OB Haussier 1.625–1.626', 'OB Haussier 1.624–1.625', 'OB Haussier 1.622–1.623']"
420,SHORT,LOSS,-1.0,1.62338,1.62538,1.61938,200,2025-11-20 19:10:00,2025-11-20 20:05:00,11,New York,37.6,bearish,True,Bot 1.620 vs préc. 1.621,200,1,13,True,True,London,1.61985,1.61848,"['OB Haussier 1.618–1.620', 'OB Haussier 1.619–1.620', 'OB Haussier 1.622–1.623', 'OB Haussier 1.619–1.620', 'OB Haussier 1.621–1.622', 'OB Haussier 1.619–1.620']"
421,SHORT,BE,0.0,1.61199,1.61399,1.60799,200,2025-12-29 11:00:00,2025-12-29 18:00:00,84,London,38.1,bearish,True,Bot 1.609 vs préc. 1.613,205,1,20,True,False,Tokyo,1.61048,1.6068500000000001,"['OB Haussier 1.608–1.610', 'OB Haussier 1.609–1.611', 'OB Haussier 1.609–1.610', 'OB Haussier 1.608–1.608', 'OB Haussier 1.609–1.610', 'OB Haussier 1.610–1.611', 'OB Haussier 1.607–1.608', 'OB Haussier 1.608–1.610', 'OB Haussier 1.609–1.610', 'OB Haussier 1.610–1.611']"
422,SHORT,LOSS,-1.0,1.6101100000000002,1.6121100000000002,1.6061100000000001,200,2025-12-29 10:00:00,2025-12-29 11:00:00,12,London,38.1,bearish,True,Bot 1.608 vs préc. 1.609,133,1,33,False,False,Tokyo,1.61048,1.6068500000000001,"['OB Haussier 1.608–1.610', 'OB Haussier 1.609–1.610', 'OB Haussier 1.608–1.608', 'OB Haussier 1.609–1.610', 'OB Haussier 1.607–1.608', 'OB Haussier 1.606–1.608', 'OB Haussier 1.607–1.608', 'OB Haussier 1.608–1.610', 'OB Haussier 1.606–1.607', 'OB Haussier 1.606–1.607']"
423,SHORT,WIN,2.0,1.6127,1.6147,1.6087,200,2026-01-02 18:55:00,2026-01-05 01:55:00,82,New York,44.9,bearish,False,Bot 1.611 vs préc. 1.609,109,1,18,True,False,London,1.6117599999999999,1.60718,"['OB Haussier 1.608–1.610', 'OB Haussier 1.611–1.612', 'OB Haussier 1.609–1.611', 'OB Haussier 1.609–1.610', 'OB Haussier 1.609–1.610', 'OB Haussier 1.610–1.611', 'OB Haussier 1.608–1.610', 'OB Haussier 1.609–1.610', 'OB Haussier 1.611–1.612', 'OB Haussier 1.611–1.612', 'OB Haussier 1.610–1.611']"
424,LONG,BE,0.0,1.617,1.615,1.621,200,2026-01-13 09:05:00,2026-01-13 16:10:00,85,London,62.8,bullish,True,Top 1.619 vs préc. 1.611,168,1,27,True,False,Tokyo,1.6193499999999998,1.61713,"['OB Baissier 1.617–1.618', 'OB Baissier 1.617–1.618', 'OB Baissier 1.620–1.623', 'OB Baissier 1.618–1.620', 'OB Baissier 1.620–1.622', 'OB Baissier 1.617–1.619', 'OB Baissier 1.620–1.621', 'OB Baissier 1.618–1.618']"
425,SHORT,LOSS,-1.0,1.61486,1.61686,1.61086,200,2026-01-19 02:25:00,2026-01-20 09:25:00,370,Tokyo,44.0,bearish,False,Bot 1.611 vs préc. 1.609,293,1,25,False,True,New York,1.61568,1.61209,"['OB Haussier 1.611–1.612', 'OB Haussier 1.613–1.614', 'OB Haussier 1.612–1.614', 'OB Haussier 1.610–1.611', 'OB Haussier 1.614–1.615', 'OB Haussier 1.611–1.612', 'OB Haussier 1.611–1.612', 'OB Haussier 1.612–1.613']"
426,LONG,BE,0.0,1.61878,1.61678,1.6227800000000001,200,2026-01-28 18:45:00,2026-01-28 22:00:00,39,New York,69.9,bullish,True,Top 1.625 vs préc. 1.620,465,1,11,True,False,London,1.6318000000000001,1.6237300000000001,"['OB Baissier 1.622–1.624', 'OB Baissier 1.620–1.623', 'OB Baissier 1.620–1.622', 'OB Baissier 1.622–1.623', 'OB Baissier 1.623–1.624', 'OB Baissier 1.620–1.621']"
427,LONG,LOSS,-1.0,1.62146,1.61946,1.62546,200,2026-01-28 16:45:00,2026-01-28 18:05:00,16,New York,69.9,bullish,False,Top 1.623 vs préc. 1.625,120,1,10,True,False,London,1.6318000000000001,1.6237300000000001,"['OB Baissier 1.624–1.625', 'OB Baissier 1.622–1.624', 'OB Baissier 1.625–1.626', 'OB Baissier 1.624–1.625', 'OB Baissier 1.625–1.627', 'OB Baissier 1.622–1.623', 'OB Baissier 1.625–1.626', 'OB Baissier 1.625–1.625', 'OB Baissier 1.623–1.624', 'OB Baissier 1.623–1.624']"
428,SHORT,BE,0.0,1.5714299999999999,1.5734299999999999,1.5674299999999999,200,2026-03-09 17:35:00,2026-03-09 18:55:00,16,New York,14.5,bearish,True,Bot 1.569 vs préc. 1.571,125,1,5,True,False,London,1.5685099999999998,1.56183,"['OB Haussier 1.563–1.569', 'OB Haussier 1.566–1.568', 'OB Haussier 1.569–1.571', 'OB Haussier 1.571–1.571', 'OB Haussier 1.566–1.567', 'OB Haussier 1.567–1.568', 'OB Haussier 1.567–1.568', 'OB Haussier 1.568–1.570', 'OB Haussier 1.569–1.570', 'OB Haussier 1.570–1.571', 'OB Haussier 1.570–1.571', 'OB Haussier 1.567–1.568', 'OB Haussier 1.570–1.571', 'OB Haussier 1.569–1.570', 'OB Haussier 1.568–1.570', 'OB Haussier 1.569–1.571', 'OB Haussier 1.568–1.571', 'OB Haussier 1.566–1.568', 'OB Haussier 1.567–1.568']"
429,SHORT,WIN,2.0,1.5824799999999999,1.5844799999999999,1.5784799999999999,200,2026-03-10 21:15:00,2026-03-10 22:15:00,12,New York,29.4,bearish,False,Bot 1.577 vs préc. 1.569,223,1,2,False,True,London,1.58344,1.57782,"['OB Haussier 1.579–1.581', 'OB Haussier 1.579–1.580', 'OB Haussier 1.580–1.581', 'OB Haussier 1.579–1.581', 'OB Haussier 1.580–1.582', 'OB Haussier 1.578–1.579', 'OB Haussier 1.578–1.580', 'OB Haussier 1.579–1.581']"
430,SHORT,LOSS,-1.0,1.5703200000000002,1.5723200000000002,1.5663200000000002,200,2026-03-13 16:30:00,2026-03-13 16:45:00,3,New York,23.0,bearish,True,Bot 1.565 vs préc. 1.576,369,3,17,True,False,London,1.5698699999999999,1.56204,"['OB Haussier 1.563–1.569', 'OB Haussier 1.564–1.566', 'OB Haussier 1.566–1.568', 'OB Haussier 1.566–1.567', 'OB Haussier 1.566–1.567', 'OB Haussier 1.567–1.568', 'OB Haussier 1.567–1.568', 'OB Haussier 1.566–1.567', 'OB Haussier 1.568–1.570', 'OB Haussier 1.569–1.570', 'OB Haussier 1.567–1.568', 'OB Haussier 1.569–1.570', 'OB Haussier 1.568–1.570', 'OB Haussier 1.565–1.567', 'OB Haussier 1.566–1.568', 'OB Haussier 1.567–1.568']"
431,SHORT,BE,0.0,1.57178,1.57378,1.56778,200,2026-03-16 16:30:00,2026-03-16 19:40:00,38,New York,35.0,bearish,False,Bot 1.570 vs préc. 1.565,114,1,11,True,False,London,1.56933,1.56545,"['OB Haussier 1.563–1.569', 'OB Haussier 1.569–1.571', 'OB Haussier 1.571–1.571', 'OB Haussier 1.567–1.568', 'OB Haussier 1.567–1.568', 'OB Haussier 1.568–1.570', 'OB Haussier 1.569–1.570', 'OB Haussier 1.570–1.571', 'OB Haussier 1.570–1.571', 'OB Haussier 1.567–1.568', 'OB Haussier 1.570–1.571', 'OB Haussier 1.569–1.570', 'OB Haussier 1.568–1.570', 'OB Haussier 1.569–1.571', 'OB Haussier 1.568–1.571']"
432,SHORT,LOSS,-1.0,1.57248,1.57448,1.56848,200,2026-03-16 20:15:00,2026-03-16 22:25:00,26,New York,35.0,bearish,True,Bot 1.567 vs préc. 1.570,179,3,9,True,False,London,1.56933,1.56545,"['OB Haussier 1.563–1.569', 'OB Haussier 1.569–1.571', 'OB Haussier 1.571–1.571', 'OB Haussier 1.568–1.570', 'OB Haussier 1.569–1.570', 'OB Haussier 1.570–1.571', 'OB Haussier 1.570–1.571', 'OB Haussier 1.570–1.571', 'OB Haussier 1.569–1.570', 'OB Haussier 1.568–1.570', 'OB Haussier 1.569–1.571', 'OB Haussier 1.568–1.571']"
433,LONG,BE,0.0,1.57711,1.57511,1.58111,200,2026-03-18 16:55:00,2026-03-18 18:40:00,21,New York,56.8,bullish,True,Top 1.580 vs préc. 1.576,156,1,10,True,False,London,1.58267,1.57854,"['OB Baissier 1.579–1.580', 'OB Baissier 1.579–1.581', 'OB Baissier 1.580–1.581', 'OB Baissier 1.579–1.580', 'OB Baissier 1.578–1.580', 'OB Baissier 1.579–1.580', 'OB Baissier 1.579–1.581', 'OB Baissier 1.578–1.578']"
434,LONG,WIN,2.0,1.58328,1.58128,1.58728,200,2026-03-20 17:50:00,2026-03-21 00:35:00,81,New York,62.9,bullish,False,Top 1.586 vs préc. 1.589,121,1,17,True,False,London,1.58888,1.58404,"['OB Baissier 1.586–1.591', 'OB Baissier 1.584–1.586', 'OB Baissier 1.586–1.587']"
435,LONG,WIN,2.0,1.59579,1.59379,1.59979,200,2026-03-27 11:30:00,2026-03-27 19:20:00,94,London,72.5,bullish,True,Top 1.598 vs préc. 1.594,119,1,25,True,False,Tokyo,1.5994000000000002,1.596,"['OB Baissier 1.598–1.600', 'OB Baissier 1.597–1.599', 'OB Baissier 1.600–1.602', 'OB Baissier 1.597–1.598', 'OB Baissier 1.598–1.599', 'OB Baissier 1.598–1.599', 'OB Baissier 1.599–1.600', 'OB Baissier 1.597–1.598']"
436,LONG,BE,0.0,1.60649,1.60449,1.61049,200,2026-04-06 16:20:00,2026-04-06 19:55:00,43,New York,60.5,bullish,True,Top 1.608 vs préc. 1.603,110,1,10,False,False,London,1.61028,1.6053199999999999,"['OB Baissier 1.610–1.611', 'OB Baissier 1.608–1.608', 'OB Baissier 1.610–1.611', 'OB Baissier 1.610–1.611', 'OB Baissier 1.608–1.609', 'OB Baissier 1.610–1.610', 'OB Baissier 1.608–1.609', 'OB Baissier 1.608–1.609', 'OB Baissier 1.610–1.612']"
437,LONG,LOSS,-1.0,1.6190799999999999,1.6170799999999999,1.6230799999999999,200,2026-04-13 02:25:00,2026-04-13 19:25:00,204,Tokyo,64.3,bullish,True,Top 1.622 vs préc. 1.616,123,1,9,False,True,New York,1.6230099999999998,1.61686,"['OB Baissier 1.622–1.624', 'OB Baissier 1.620–1.623', 'OB Baissier 1.620–1.622', 'OB Baissier 1.622–1.623', 'OB Baissier 1.623–1.624', 'OB Baissier 1.620–1.621']"
438,SHORT,WIN,2.0,1.61155,1.61355,1.60755,200,2026-04-20 15:55:00,2026-04-20 20:05:00,50,New York,36.0,bearish,True,Bot 1.607 vs préc. 1.615,304,2,6,True,False,London,1.6115,1.6093199999999999,"['OB Haussier 1.608–1.610', 'OB Haussier 1.609–1.611', 'OB Haussier 1.609–1.610', 'OB Haussier 1.608–1.608', 'OB Haussier 1.609–1.610', 'OB Haussier 1.610–1.611', 'OB Haussier 1.607–1.608', 'OB Haussier 1.606–1.608', 'OB Haussier 1.607–1.608', 'OB Haussier 1.608–1.610', 'OB Haussier 1.609–1.610', 'OB Haussier 1.610–1.611']"
439,SHORT,WIN,2.0,1.60196,1.60396,1.59796,200,2026-04-27 06:00:00,2026-04-27 14:50:00,106,Tokyo,32.4,bearish,True,Bot 1.600 vs préc. 1.607,143,1,20,False,True,New York,1.60382,1.59932,"['OB Haussier 1.597–1.598', 'OB Haussier 1.600–1.601', 'OB Haussier 1.599–1.600', 'OB Haussier 1.598–1.599', 'OB Haussier 1.598–1.599', 'OB Haussier 1.600–1.601', 'OB Haussier 1.599–1.600', 'OB Haussier 1.598–1.599', 'OB Haussier 1.599–1.600', 'OB Haussier 1.601–1.601']"
